file_path,label
C:/Users/Sourabh Dhiman/OneDrive/Desktop/DeepFake_DetectionAPP/mixed_dataset/fake\1601_0.jpg,0
C:/Users/Sourabh Dhiman/OneDrive/Desktop/DeepFake_DetectionAPP/mixed_dataset/fake\1601_0.resaved.jpg,0
C:/Users/Sourabh Dhiman/OneDrive/Desktop/DeepFake_DetectionAPP/mixed_dataset/fake\1602_0.jpg,0
C:/Users/Sourabh Dhiman/OneDrive/Desktop/DeepFake_DetectionAPP/mixed_dataset/fake\1602_0.resaved.jpg,0
C:/Users/Sourabh Dhiman/OneDrive/Desktop/DeepFake_DetectionAPP/mixed_dataset/fake\1603_0.jpg,0
C:/Users/Sourabh Dhiman/OneDrive/Desktop/DeepFake_DetectionAPP/mixed_dataset/fake\1603_0.resaved.jpg,0
C:/Users/Sourabh Dhiman/OneDrive/Desktop/DeepFake_DetectionAPP/mixed_dataset/fake\1604_0.jpg,0
C:/Users/Sourabh Dhiman/OneDrive/Desktop/DeepFake_DetectionAPP/mixed_dataset/fake\1604_0.resaved.jpg,0
C:/Users/Sourabh Dhiman/OneDrive/Desktop/DeepFake_DetectionAPP/mixed_dataset/fake\1605_0.jpg,0
C:/Users/Sourabh Dhiman/OneDrive/Desktop/DeepFake_DetectionAPP/mixed_dataset/fake\1605_0.resaved.jpg,0
C:/Users/Sourabh Dhiman/OneDrive/Desktop/DeepFake_DetectionAPP/mixed_dataset/fake\1606_0.jpg,0
C:/Users/Sourabh Dhiman/OneDrive/Desktop/DeepFake_DetectionAPP/mixed_dataset/fake\1606_0.resaved.jpg,0
C:/Users/Sourabh Dhiman/OneDrive/Desktop/DeepFake_DetectionAPP/mixed_dataset/fake\1607_0.jpg,0
C:/Users/Sourabh Dhiman/OneDrive/Desktop/DeepFake_DetectionAPP/mixed_dataset/fake\1607_0.resaved.jpg,0
C:/Users/Sourabh Dhiman/OneDrive/Desktop/DeepFake_DetectionAPP/mixed_dataset/fake\1608_0.jpg,0
C:/Users/Sourabh Dhiman/OneDrive/Desktop/DeepFake_DetectionAPP/mixed_dataset/fake\1608_0.resaved.jpg,0
C:/Users/Sourabh Dhiman/OneDrive/Desktop/DeepFake_DetectionAPP/mixed_dataset/fake\1609_0.jpg,0
C:/Users/Sourabh Dhiman/OneDrive/Desktop/DeepFake_DetectionAPP/mixed_dataset/fake\1609_0.resaved.jpg,0
C:/Users/Sourabh Dhiman/OneDrive/Desktop/DeepFake_DetectionAPP/mixed_dataset/fake\1610_0.jpg,0
C:/Users/Sourabh Dhiman/OneDrive/Desktop/DeepFake_DetectionAPP/mixed_dataset/fake\1610_0.resaved.jpg,0
C:/Users/Sourabh Dhiman/OneDrive/Desktop/DeepFake_DetectionAPP/mixed_dataset/fake\1611_0.jpg,0
C:/Users/Sourabh Dhiman/OneDrive/Desktop/DeepFake_DetectionAPP/mixed_dataset/fake\1611_0.resaved.jpg,0
C:/Users/Sourabh Dhiman/OneDrive/Desktop/DeepFake_DetectionAPP/mixed_dataset/fake\1612_0.jpg,0
C:/Users/Sourabh Dhiman/OneDrive/Desktop/DeepFake_DetectionAPP/mixed_dataset/fake\1612_0.resaved.jpg,0
C:/Users/Sourabh Dhiman/OneDrive/Desktop/DeepFake_DetectionAPP/mixed_dataset/fake\1613_1.jpg,0
C:/Users/Sourabh Dhiman/OneDrive/Desktop/DeepFake_DetectionAPP/mixed_dataset/fake\1613_1.resaved.jpg,0
C:/Users/Sourabh Dhiman/OneDrive/Desktop/DeepFake_DetectionAPP/mixed_dataset/fake\1614_0.jpg,0
C:/Users/Sourabh Dhiman/OneDrive/Desktop/DeepFake_DetectionAPP/mixed_dataset/fake\1614_0.resaved.jpg,0
C:/Users/Sourabh Dhiman/OneDrive/Desktop/DeepFake_DetectionAPP/mixed_dataset/fake\1615_0.jpg,0
C:/Users/Sourabh Dhiman/OneDrive/Desktop/DeepFake_DetectionAPP/mixed_dataset/fake\1615_0.resaved.jpg,0
C:/Users/Sourabh Dhiman/OneDrive/Desktop/DeepFake_DetectionAPP/mixed_dataset/fake\1616_0.jpg,0
C:/Users/Sourabh Dhiman/OneDrive/Desktop/DeepFake_DetectionAPP/mixed_dataset/fake\1616_0.resaved.jpg,0
C:/Users/Sourabh Dhiman/OneDrive/Desktop/DeepFake_DetectionAPP/mixed_dataset/fake\1617_0.jpg,0
C:/Users/Sourabh Dhiman/OneDrive/Desktop/DeepFake_DetectionAPP/mixed_dataset/fake\1617_0.resaved.jpg,0
C:/Users/Sourabh Dhiman/OneDrive/Desktop/DeepFake_DetectionAPP/mixed_dataset/fake\1618_0.jpg,0
C:/Users/Sourabh Dhiman/OneDrive/Desktop/DeepFake_DetectionAPP/mixed_dataset/fake\1618_0.resaved.jpg,0
C:/Users/Sourabh Dhiman/OneDrive/Desktop/DeepFake_DetectionAPP/mixed_dataset/fake\1619_0.jpg,0
C:/Users/Sourabh Dhiman/OneDrive/Desktop/DeepFake_DetectionAPP/mixed_dataset/fake\1619_0.resaved.jpg,0
C:/Users/Sourabh Dhiman/OneDrive/Desktop/DeepFake_DetectionAPP/mixed_dataset/fake\1620_0.jpg,0
C:/Users/Sourabh Dhiman/OneDrive/Desktop/DeepFake_DetectionAPP/mixed_dataset/fake\1620_0.resaved.jpg,0
C:/Users/Sourabh Dhiman/OneDrive/Desktop/DeepFake_DetectionAPP/mixed_dataset/fake\1621_0.jpg,0
C:/Users/Sourabh Dhiman/OneDrive/Desktop/DeepFake_DetectionAPP/mixed_dataset/fake\1621_0.resaved.jpg,0
C:/Users/Sourabh Dhiman/OneDrive/Desktop/DeepFake_DetectionAPP/mixed_dataset/fake\1622_0.jpg,0
C:/Users/Sourabh Dhiman/OneDrive/Desktop/DeepFake_DetectionAPP/mixed_dataset/fake\1622_0.resaved.jpg,0
C:/Users/Sourabh Dhiman/OneDrive/Desktop/DeepFake_DetectionAPP/mixed_dataset/fake\1623_0.jpg,0
C:/Users/Sourabh Dhiman/OneDrive/Desktop/DeepFake_DetectionAPP/mixed_dataset/fake\1623_0.resaved.jpg,0
C:/Users/Sourabh Dhiman/OneDrive/Desktop/DeepFake_DetectionAPP/mixed_dataset/fake\1624_0.jpg,0
C:/Users/Sourabh Dhiman/OneDrive/Desktop/DeepFake_DetectionAPP/mixed_dataset/fake\1624_0.resaved.jpg,0
C:/Users/Sourabh Dhiman/OneDrive/Desktop/DeepFake_DetectionAPP/mixed_dataset/fake\1625_0.jpg,0
C:/Users/Sourabh Dhiman/OneDrive/Desktop/DeepFake_DetectionAPP/mixed_dataset/fake\1625_0.resaved.jpg,0
C:/Users/Sourabh Dhiman/OneDrive/Desktop/DeepFake_DetectionAPP/mixed_dataset/fake\1626_0.jpg,0
C:/Users/Sourabh Dhiman/OneDrive/Desktop/DeepFake_DetectionAPP/mixed_dataset/fake\1626_0.resaved.jpg,0
C:/Users/Sourabh Dhiman/OneDrive/Desktop/DeepFake_DetectionAPP/mixed_dataset/fake\1627_0.jpg,0
C:/Users/Sourabh Dhiman/OneDrive/Desktop/DeepFake_DetectionAPP/mixed_dataset/fake\1627_0.resaved.jpg,0
C:/Users/Sourabh Dhiman/OneDrive/Desktop/DeepFake_DetectionAPP/mixed_dataset/fake\1628_0.jpg,0
C:/Users/Sourabh Dhiman/OneDrive/Desktop/DeepFake_DetectionAPP/mixed_dataset/fake\1628_0.resaved.jpg,0
C:/Users/Sourabh Dhiman/OneDrive/Desktop/DeepFake_DetectionAPP/mixed_dataset/fake\1629_0.jpg,0
C:/Users/Sourabh Dhiman/OneDrive/Desktop/DeepFake_DetectionAPP/mixed_dataset/fake\1629_0.resaved.jpg,0
C:/Users/Sourabh Dhiman/OneDrive/Desktop/DeepFake_DetectionAPP/mixed_dataset/fake\1630_0.jpg,0
C:/Users/Sourabh Dhiman/OneDrive/Desktop/DeepFake_DetectionAPP/mixed_dataset/fake\1630_0.resaved.jpg,0
C:/Users/Sourabh Dhiman/OneDrive/Desktop/DeepFake_DetectionAPP/mixed_dataset/fake\1631_0.jpg,0
C:/Users/Sourabh Dhiman/OneDrive/Desktop/DeepFake_DetectionAPP/mixed_dataset/fake\1631_0.resaved.jpg,0
C:/Users/Sourabh Dhiman/OneDrive/Desktop/DeepFake_DetectionAPP/mixed_dataset/fake\1632_0.jpg,0
C:/Users/Sourabh Dhiman/OneDrive/Desktop/DeepFake_DetectionAPP/mixed_dataset/fake\1632_0.resaved.jpg,0
C:/Users/Sourabh Dhiman/OneDrive/Desktop/DeepFake_DetectionAPP/mixed_dataset/fake\1633_0.jpg,0
C:/Users/Sourabh Dhiman/OneDrive/Desktop/DeepFake_DetectionAPP/mixed_dataset/fake\1633_0.resaved.jpg,0
C:/Users/Sourabh Dhiman/OneDrive/Desktop/DeepFake_DetectionAPP/mixed_dataset/fake\1634_0.jpg,0
C:/Users/Sourabh Dhiman/OneDrive/Desktop/DeepFake_DetectionAPP/mixed_dataset/fake\1634_0.resaved.jpg,0
C:/Users/Sourabh Dhiman/OneDrive/Desktop/DeepFake_DetectionAPP/mixed_dataset/fake\1635_0.jpg,0
C:/Users/Sourabh Dhiman/OneDrive/Desktop/DeepFake_DetectionAPP/mixed_dataset/fake\1635_0.resaved.jpg,0
C:/Users/Sourabh Dhiman/OneDrive/Desktop/DeepFake_DetectionAPP/mixed_dataset/fake\1636_0.jpg,0
C:/Users/Sourabh Dhiman/OneDrive/Desktop/DeepFake_DetectionAPP/mixed_dataset/fake\1636_0.resaved.jpg,0
C:/Users/Sourabh Dhiman/OneDrive/Desktop/DeepFake_DetectionAPP/mixed_dataset/fake\1637_0.jpg,0
C:/Users/Sourabh Dhiman/OneDrive/Desktop/DeepFake_DetectionAPP/mixed_dataset/fake\1637_0.resaved.jpg,0
C:/Users/Sourabh Dhiman/OneDrive/Desktop/DeepFake_DetectionAPP/mixed_dataset/fake\1639_0.jpg,0
C:/Users/Sourabh Dhiman/OneDrive/Desktop/DeepFake_DetectionAPP/mixed_dataset/fake\1639_0.resaved.jpg,0
C:/Users/Sourabh Dhiman/OneDrive/Desktop/DeepFake_DetectionAPP/mixed_dataset/fake\1640_0.jpg,0
C:/Users/Sourabh Dhiman/OneDrive/Desktop/DeepFake_DetectionAPP/mixed_dataset/fake\1640_0.resaved.jpg,0
C:/Users/Sourabh Dhiman/OneDrive/Desktop/DeepFake_DetectionAPP/mixed_dataset/fake\1641_0.jpg,0
C:/Users/Sourabh Dhiman/OneDrive/Desktop/DeepFake_DetectionAPP/mixed_dataset/fake\1641_0.resaved.jpg,0
C:/Users/Sourabh Dhiman/OneDrive/Desktop/DeepFake_DetectionAPP/mixed_dataset/fake\1642_0.jpg,0
C:/Users/Sourabh Dhiman/OneDrive/Desktop/DeepFake_DetectionAPP/mixed_dataset/fake\1642_0.resaved.jpg,0
C:/Users/Sourabh Dhiman/OneDrive/Desktop/DeepFake_DetectionAPP/mixed_dataset/fake\1643_0.jpg,0
C:/Users/Sourabh Dhiman/OneDrive/Desktop/DeepFake_DetectionAPP/mixed_dataset/fake\1643_0.resaved.jpg,0
C:/Users/Sourabh Dhiman/OneDrive/Desktop/DeepFake_DetectionAPP/mixed_dataset/fake\1645_0.jpg,0
C:/Users/Sourabh Dhiman/OneDrive/Desktop/DeepFake_DetectionAPP/mixed_dataset/fake\1645_0.resaved.jpg,0
C:/Users/Sourabh Dhiman/OneDrive/Desktop/DeepFake_DetectionAPP/mixed_dataset/fake\1646_0.jpg,0
C:/Users/Sourabh Dhiman/OneDrive/Desktop/DeepFake_DetectionAPP/mixed_dataset/fake\1646_0.resaved.jpg,0
C:/Users/Sourabh Dhiman/OneDrive/Desktop/DeepFake_DetectionAPP/mixed_dataset/fake\1647_0.jpg,0
C:/Users/Sourabh Dhiman/OneDrive/Desktop/DeepFake_DetectionAPP/mixed_dataset/fake\1647_0.resaved.jpg,0
C:/Users/Sourabh Dhiman/OneDrive/Desktop/DeepFake_DetectionAPP/mixed_dataset/fake\1648_0.jpg,0
C:/Users/Sourabh Dhiman/OneDrive/Desktop/DeepFake_DetectionAPP/mixed_dataset/fake\1648_0.resaved.jpg,0
C:/Users/Sourabh Dhiman/OneDrive/Desktop/DeepFake_DetectionAPP/mixed_dataset/fake\1649_0.jpg,0
C:/Users/Sourabh Dhiman/OneDrive/Desktop/DeepFake_DetectionAPP/mixed_dataset/fake\1649_0.resaved.jpg,0
C:/Users/Sourabh Dhiman/OneDrive/Desktop/DeepFake_DetectionAPP/mixed_dataset/fake\1650_0.jpg,0
C:/Users/Sourabh Dhiman/OneDrive/Desktop/DeepFake_DetectionAPP/mixed_dataset/fake\1650_0.resaved.jpg,0
C:/Users/Sourabh Dhiman/OneDrive/Desktop/DeepFake_DetectionAPP/mixed_dataset/fake\1651_0.jpg,0
C:/Users/Sourabh Dhiman/OneDrive/Desktop/DeepFake_DetectionAPP/mixed_dataset/fake\1651_0.resaved.jpg,0
C:/Users/Sourabh Dhiman/OneDrive/Desktop/DeepFake_DetectionAPP/mixed_dataset/fake\1652_0.jpg,0
C:/Users/Sourabh Dhiman/OneDrive/Desktop/DeepFake_DetectionAPP/mixed_dataset/fake\1652_0.resaved.jpg,0
C:/Users/Sourabh Dhiman/OneDrive/Desktop/DeepFake_DetectionAPP/mixed_dataset/fake\1653_0.jpg,0
C:/Users/Sourabh Dhiman/OneDrive/Desktop/DeepFake_DetectionAPP/mixed_dataset/fake\1653_0.resaved.jpg,0
C:/Users/Sourabh Dhiman/OneDrive/Desktop/DeepFake_DetectionAPP/mixed_dataset/fake\1654_0.jpg,0
C:/Users/Sourabh Dhiman/OneDrive/Desktop/DeepFake_DetectionAPP/mixed_dataset/fake\1654_0.resaved.jpg,0
C:/Users/Sourabh Dhiman/OneDrive/Desktop/DeepFake_DetectionAPP/mixed_dataset/fake\1655_0.jpg,0
C:/Users/Sourabh Dhiman/OneDrive/Desktop/DeepFake_DetectionAPP/mixed_dataset/fake\1655_0.resaved.jpg,0
C:/Users/Sourabh Dhiman/OneDrive/Desktop/DeepFake_DetectionAPP/mixed_dataset/fake\1656_0.jpg,0
C:/Users/Sourabh Dhiman/OneDrive/Desktop/DeepFake_DetectionAPP/mixed_dataset/fake\1656_0.resaved.jpg,0
C:/Users/Sourabh Dhiman/OneDrive/Desktop/DeepFake_DetectionAPP/mixed_dataset/fake\1657_0.jpg,0
C:/Users/Sourabh Dhiman/OneDrive/Desktop/DeepFake_DetectionAPP/mixed_dataset/fake\1657_0.resaved.jpg,0
C:/Users/Sourabh Dhiman/OneDrive/Desktop/DeepFake_DetectionAPP/mixed_dataset/fake\1658_0.jpg,0
C:/Users/Sourabh Dhiman/OneDrive/Desktop/DeepFake_DetectionAPP/mixed_dataset/fake\1658_0.resaved.jpg,0
C:/Users/Sourabh Dhiman/OneDrive/Desktop/DeepFake_DetectionAPP/mixed_dataset/fake\1659_0.jpg,0
C:/Users/Sourabh Dhiman/OneDrive/Desktop/DeepFake_DetectionAPP/mixed_dataset/fake\1659_0.resaved.jpg,0
C:/Users/Sourabh Dhiman/OneDrive/Desktop/DeepFake_DetectionAPP/mixed_dataset/fake\1660_0.jpg,0
C:/Users/Sourabh Dhiman/OneDrive/Desktop/DeepFake_DetectionAPP/mixed_dataset/fake\1660_0.resaved.jpg,0
C:/Users/Sourabh Dhiman/OneDrive/Desktop/DeepFake_DetectionAPP/mixed_dataset/fake\1661_0.jpg,0
C:/Users/Sourabh Dhiman/OneDrive/Desktop/DeepFake_DetectionAPP/mixed_dataset/fake\1661_0.resaved.jpg,0
C:/Users/Sourabh Dhiman/OneDrive/Desktop/DeepFake_DetectionAPP/mixed_dataset/fake\1662_0.jpg,0
C:/Users/Sourabh Dhiman/OneDrive/Desktop/DeepFake_DetectionAPP/mixed_dataset/fake\1662_0.resaved.jpg,0
C:/Users/Sourabh Dhiman/OneDrive/Desktop/DeepFake_DetectionAPP/mixed_dataset/fake\1663_0.jpg,0
C:/Users/Sourabh Dhiman/OneDrive/Desktop/DeepFake_DetectionAPP/mixed_dataset/fake\1663_0.resaved.jpg,0
C:/Users/Sourabh Dhiman/OneDrive/Desktop/DeepFake_DetectionAPP/mixed_dataset/fake\1664_0.jpg,0
C:/Users/Sourabh Dhiman/OneDrive/Desktop/DeepFake_DetectionAPP/mixed_dataset/fake\1664_0.resaved.jpg,0
C:/Users/Sourabh Dhiman/OneDrive/Desktop/DeepFake_DetectionAPP/mixed_dataset/fake\1665_0.jpg,0
C:/Users/Sourabh Dhiman/OneDrive/Desktop/DeepFake_DetectionAPP/mixed_dataset/fake\1665_0.resaved.jpg,0
C:/Users/Sourabh Dhiman/OneDrive/Desktop/DeepFake_DetectionAPP/mixed_dataset/fake\1666_0.jpg,0
C:/Users/Sourabh Dhiman/OneDrive/Desktop/DeepFake_DetectionAPP/mixed_dataset/fake\1666_0.resaved.jpg,0
C:/Users/Sourabh Dhiman/OneDrive/Desktop/DeepFake_DetectionAPP/mixed_dataset/fake\1668_0.jpg,0
C:/Users/Sourabh Dhiman/OneDrive/Desktop/DeepFake_DetectionAPP/mixed_dataset/fake\1668_0.resaved.jpg,0
C:/Users/Sourabh Dhiman/OneDrive/Desktop/DeepFake_DetectionAPP/mixed_dataset/fake\1669_0.jpg,0
C:/Users/Sourabh Dhiman/OneDrive/Desktop/DeepFake_DetectionAPP/mixed_dataset/fake\1669_0.resaved.jpg,0
C:/Users/Sourabh Dhiman/OneDrive/Desktop/DeepFake_DetectionAPP/mixed_dataset/fake\1670_0.jpg,0
C:/Users/Sourabh Dhiman/OneDrive/Desktop/DeepFake_DetectionAPP/mixed_dataset/fake\1670_0.resaved.jpg,0
C:/Users/Sourabh Dhiman/OneDrive/Desktop/DeepFake_DetectionAPP/mixed_dataset/fake\1671_0.jpg,0
C:/Users/Sourabh Dhiman/OneDrive/Desktop/DeepFake_DetectionAPP/mixed_dataset/fake\1671_0.resaved.jpg,0
C:/Users/Sourabh Dhiman/OneDrive/Desktop/DeepFake_DetectionAPP/mixed_dataset/fake\1672_0.jpg,0
C:/Users/Sourabh Dhiman/OneDrive/Desktop/DeepFake_DetectionAPP/mixed_dataset/fake\1672_0.resaved.jpg,0
C:/Users/Sourabh Dhiman/OneDrive/Desktop/DeepFake_DetectionAPP/mixed_dataset/fake\1673_0.jpg,0
C:/Users/Sourabh Dhiman/OneDrive/Desktop/DeepFake_DetectionAPP/mixed_dataset/fake\1673_0.resaved.jpg,0
C:/Users/Sourabh Dhiman/OneDrive/Desktop/DeepFake_DetectionAPP/mixed_dataset/fake\1674_0.jpg,0
C:/Users/Sourabh Dhiman/OneDrive/Desktop/DeepFake_DetectionAPP/mixed_dataset/fake\1674_0.resaved.jpg,0
C:/Users/Sourabh Dhiman/OneDrive/Desktop/DeepFake_DetectionAPP/mixed_dataset/fake\1675_0.jpg,0
C:/Users/Sourabh Dhiman/OneDrive/Desktop/DeepFake_DetectionAPP/mixed_dataset/fake\1675_0.resaved.jpg,0
C:/Users/Sourabh Dhiman/OneDrive/Desktop/DeepFake_DetectionAPP/mixed_dataset/fake\1676_0.jpg,0
C:/Users/Sourabh Dhiman/OneDrive/Desktop/DeepFake_DetectionAPP/mixed_dataset/fake\1676_0.resaved.jpg,0
C:/Users/Sourabh Dhiman/OneDrive/Desktop/DeepFake_DetectionAPP/mixed_dataset/fake\1677_0.jpg,0
C:/Users/Sourabh Dhiman/OneDrive/Desktop/DeepFake_DetectionAPP/mixed_dataset/fake\1677_0.resaved.jpg,0
C:/Users/Sourabh Dhiman/OneDrive/Desktop/DeepFake_DetectionAPP/mixed_dataset/fake\1678_0.jpg,0
C:/Users/Sourabh Dhiman/OneDrive/Desktop/DeepFake_DetectionAPP/mixed_dataset/fake\1678_0.resaved.jpg,0
C:/Users/Sourabh Dhiman/OneDrive/Desktop/DeepFake_DetectionAPP/mixed_dataset/fake\1679_0.jpg,0
C:/Users/Sourabh Dhiman/OneDrive/Desktop/DeepFake_DetectionAPP/mixed_dataset/fake\1679_0.resaved.jpg,0
C:/Users/Sourabh Dhiman/OneDrive/Desktop/DeepFake_DetectionAPP/mixed_dataset/fake\1680_0.jpg,0
C:/Users/Sourabh Dhiman/OneDrive/Desktop/DeepFake_DetectionAPP/mixed_dataset/fake\1680_0.resaved.jpg,0
C:/Users/Sourabh Dhiman/OneDrive/Desktop/DeepFake_DetectionAPP/mixed_dataset/fake\1681_0.jpg,0
C:/Users/Sourabh Dhiman/OneDrive/Desktop/DeepFake_DetectionAPP/mixed_dataset/fake\1681_0.resaved.jpg,0
C:/Users/Sourabh Dhiman/OneDrive/Desktop/DeepFake_DetectionAPP/mixed_dataset/fake\1682_0.jpg,0
C:/Users/Sourabh Dhiman/OneDrive/Desktop/DeepFake_DetectionAPP/mixed_dataset/fake\1682_0.resaved.jpg,0
C:/Users/Sourabh Dhiman/OneDrive/Desktop/DeepFake_DetectionAPP/mixed_dataset/fake\1683_0.jpg,0
C:/Users/Sourabh Dhiman/OneDrive/Desktop/DeepFake_DetectionAPP/mixed_dataset/fake\1683_0.resaved.jpg,0
C:/Users/Sourabh Dhiman/OneDrive/Desktop/DeepFake_DetectionAPP/mixed_dataset/fake\1684_0.jpg,0
C:/Users/Sourabh Dhiman/OneDrive/Desktop/DeepFake_DetectionAPP/mixed_dataset/fake\1684_0.resaved.jpg,0
C:/Users/Sourabh Dhiman/OneDrive/Desktop/DeepFake_DetectionAPP/mixed_dataset/fake\1685_0.jpg,0
C:/Users/Sourabh Dhiman/OneDrive/Desktop/DeepFake_DetectionAPP/mixed_dataset/fake\1685_0.resaved.jpg,0
C:/Users/Sourabh Dhiman/OneDrive/Desktop/DeepFake_DetectionAPP/mixed_dataset/fake\1686_0.jpg,0
C:/Users/Sourabh Dhiman/OneDrive/Desktop/DeepFake_DetectionAPP/mixed_dataset/fake\1686_0.resaved.jpg,0
C:/Users/Sourabh Dhiman/OneDrive/Desktop/DeepFake_DetectionAPP/mixed_dataset/fake\1687_0.jpg,0
C:/Users/Sourabh Dhiman/OneDrive/Desktop/DeepFake_DetectionAPP/mixed_dataset/fake\1687_0.resaved.jpg,0
C:/Users/Sourabh Dhiman/OneDrive/Desktop/DeepFake_DetectionAPP/mixed_dataset/fake\1688_0.jpg,0
C:/Users/Sourabh Dhiman/OneDrive/Desktop/DeepFake_DetectionAPP/mixed_dataset/fake\1688_0.resaved.jpg,0
C:/Users/Sourabh Dhiman/OneDrive/Desktop/DeepFake_DetectionAPP/mixed_dataset/fake\1689_0.jpg,0
C:/Users/Sourabh Dhiman/OneDrive/Desktop/DeepFake_DetectionAPP/mixed_dataset/fake\1689_0.resaved.jpg,0
C:/Users/Sourabh Dhiman/OneDrive/Desktop/DeepFake_DetectionAPP/mixed_dataset/fake\1690_0.jpg,0
C:/Users/Sourabh Dhiman/OneDrive/Desktop/DeepFake_DetectionAPP/mixed_dataset/fake\1690_0.resaved.jpg,0
C:/Users/Sourabh Dhiman/OneDrive/Desktop/DeepFake_DetectionAPP/mixed_dataset/fake\1691_0.jpg,0
C:/Users/Sourabh Dhiman/OneDrive/Desktop/DeepFake_DetectionAPP/mixed_dataset/fake\1691_0.resaved.jpg,0
C:/Users/Sourabh Dhiman/OneDrive/Desktop/DeepFake_DetectionAPP/mixed_dataset/fake\1692_0.jpg,0
C:/Users/Sourabh Dhiman/OneDrive/Desktop/DeepFake_DetectionAPP/mixed_dataset/fake\1692_0.resaved.jpg,0
C:/Users/Sourabh Dhiman/OneDrive/Desktop/DeepFake_DetectionAPP/mixed_dataset/fake\1693_0.jpg,0
C:/Users/Sourabh Dhiman/OneDrive/Desktop/DeepFake_DetectionAPP/mixed_dataset/fake\1693_0.resaved.jpg,0
C:/Users/Sourabh Dhiman/OneDrive/Desktop/DeepFake_DetectionAPP/mixed_dataset/fake\1694_0.jpg,0
C:/Users/Sourabh Dhiman/OneDrive/Desktop/DeepFake_DetectionAPP/mixed_dataset/fake\1694_0.resaved.jpg,0
C:/Users/Sourabh Dhiman/OneDrive/Desktop/DeepFake_DetectionAPP/mixed_dataset/fake\1695_0.jpg,0
C:/Users/Sourabh Dhiman/OneDrive/Desktop/DeepFake_DetectionAPP/mixed_dataset/fake\1695_0.resaved.jpg,0
C:/Users/Sourabh Dhiman/OneDrive/Desktop/DeepFake_DetectionAPP/mixed_dataset/fake\1696_0.jpg,0
C:/Users/Sourabh Dhiman/OneDrive/Desktop/DeepFake_DetectionAPP/mixed_dataset/fake\1696_0.resaved.jpg,0
C:/Users/Sourabh Dhiman/OneDrive/Desktop/DeepFake_DetectionAPP/mixed_dataset/fake\1697_0.jpg,0
C:/Users/Sourabh Dhiman/OneDrive/Desktop/DeepFake_DetectionAPP/mixed_dataset/fake\1697_0.resaved.jpg,0
C:/Users/Sourabh Dhiman/OneDrive/Desktop/DeepFake_DetectionAPP/mixed_dataset/fake\1698_0.jpg,0
C:/Users/Sourabh Dhiman/OneDrive/Desktop/DeepFake_DetectionAPP/mixed_dataset/fake\1698_0.resaved.jpg,0
C:/Users/Sourabh Dhiman/OneDrive/Desktop/DeepFake_DetectionAPP/mixed_dataset/fake\1699_0.jpg,0
C:/Users/Sourabh Dhiman/OneDrive/Desktop/DeepFake_DetectionAPP/mixed_dataset/fake\1699_0.resaved.jpg,0
C:/Users/Sourabh Dhiman/OneDrive/Desktop/DeepFake_DetectionAPP/mixed_dataset/fake\1700_0.jpg,0
C:/Users/Sourabh Dhiman/OneDrive/Desktop/DeepFake_DetectionAPP/mixed_dataset/fake\1700_0.resaved.jpg,0
C:/Users/Sourabh Dhiman/OneDrive/Desktop/DeepFake_DetectionAPP/mixed_dataset/fake\1701_0.jpg,0
C:/Users/Sourabh Dhiman/OneDrive/Desktop/DeepFake_DetectionAPP/mixed_dataset/fake\1701_0.resaved.jpg,0
C:/Users/Sourabh Dhiman/OneDrive/Desktop/DeepFake_DetectionAPP/mixed_dataset/fake\1702_0.jpg,0
C:/Users/Sourabh Dhiman/OneDrive/Desktop/DeepFake_DetectionAPP/mixed_dataset/fake\1702_0.resaved.jpg,0
C:/Users/Sourabh Dhiman/OneDrive/Desktop/DeepFake_DetectionAPP/mixed_dataset/fake\1703_0.jpg,0
C:/Users/Sourabh Dhiman/OneDrive/Desktop/DeepFake_DetectionAPP/mixed_dataset/fake\1703_0.resaved.jpg,0
C:/Users/Sourabh Dhiman/OneDrive/Desktop/DeepFake_DetectionAPP/mixed_dataset/fake\1704_0.jpg,0
C:/Users/Sourabh Dhiman/OneDrive/Desktop/DeepFake_DetectionAPP/mixed_dataset/fake\1704_0.resaved.jpg,0
C:/Users/Sourabh Dhiman/OneDrive/Desktop/DeepFake_DetectionAPP/mixed_dataset/fake\1705_0.jpg,0
C:/Users/Sourabh Dhiman/OneDrive/Desktop/DeepFake_DetectionAPP/mixed_dataset/fake\1705_0.resaved.jpg,0
C:/Users/Sourabh Dhiman/OneDrive/Desktop/DeepFake_DetectionAPP/mixed_dataset/fake\1706_0.jpg,0
C:/Users/Sourabh Dhiman/OneDrive/Desktop/DeepFake_DetectionAPP/mixed_dataset/fake\1706_0.resaved.jpg,0
C:/Users/Sourabh Dhiman/OneDrive/Desktop/DeepFake_DetectionAPP/mixed_dataset/fake\1707_0.jpg,0
C:/Users/Sourabh Dhiman/OneDrive/Desktop/DeepFake_DetectionAPP/mixed_dataset/fake\1707_0.resaved.jpg,0
C:/Users/Sourabh Dhiman/OneDrive/Desktop/DeepFake_DetectionAPP/mixed_dataset/fake\1708_0.jpg,0
C:/Users/Sourabh Dhiman/OneDrive/Desktop/DeepFake_DetectionAPP/mixed_dataset/fake\1708_0.resaved.jpg,0
C:/Users/Sourabh Dhiman/OneDrive/Desktop/DeepFake_DetectionAPP/mixed_dataset/fake\1709_0.jpg,0
C:/Users/Sourabh Dhiman/OneDrive/Desktop/DeepFake_DetectionAPP/mixed_dataset/fake\1709_0.resaved.jpg,0
C:/Users/Sourabh Dhiman/OneDrive/Desktop/DeepFake_DetectionAPP/mixed_dataset/fake\1710_0.jpg,0
C:/Users/Sourabh Dhiman/OneDrive/Desktop/DeepFake_DetectionAPP/mixed_dataset/fake\1710_0.resaved.jpg,0
C:/Users/Sourabh Dhiman/OneDrive/Desktop/DeepFake_DetectionAPP/mixed_dataset/fake\1711_0.jpg,0
C:/Users/Sourabh Dhiman/OneDrive/Desktop/DeepFake_DetectionAPP/mixed_dataset/fake\1711_0.resaved.jpg,0
C:/Users/Sourabh Dhiman/OneDrive/Desktop/DeepFake_DetectionAPP/mixed_dataset/fake\1712_0.jpg,0
C:/Users/Sourabh Dhiman/OneDrive/Desktop/DeepFake_DetectionAPP/mixed_dataset/fake\1712_0.resaved.jpg,0
C:/Users/Sourabh Dhiman/OneDrive/Desktop/DeepFake_DetectionAPP/mixed_dataset/fake\1713_0.jpg,0
C:/Users/Sourabh Dhiman/OneDrive/Desktop/DeepFake_DetectionAPP/mixed_dataset/fake\1713_0.resaved.jpg,0
C:/Users/Sourabh Dhiman/OneDrive/Desktop/DeepFake_DetectionAPP/mixed_dataset/fake\1714_0.jpg,0
C:/Users/Sourabh Dhiman/OneDrive/Desktop/DeepFake_DetectionAPP/mixed_dataset/fake\1714_0.resaved.jpg,0
C:/Users/Sourabh Dhiman/OneDrive/Desktop/DeepFake_DetectionAPP/mixed_dataset/fake\1715_0.jpg,0
C:/Users/Sourabh Dhiman/OneDrive/Desktop/DeepFake_DetectionAPP/mixed_dataset/fake\1715_0.resaved.jpg,0
C:/Users/Sourabh Dhiman/OneDrive/Desktop/DeepFake_DetectionAPP/mixed_dataset/fake\1716_0.jpg,0
C:/Users/Sourabh Dhiman/OneDrive/Desktop/DeepFake_DetectionAPP/mixed_dataset/fake\1716_0.resaved.jpg,0
C:/Users/Sourabh Dhiman/OneDrive/Desktop/DeepFake_DetectionAPP/mixed_dataset/fake\1717_0.jpg,0
C:/Users/Sourabh Dhiman/OneDrive/Desktop/DeepFake_DetectionAPP/mixed_dataset/fake\1717_0.resaved.jpg,0
C:/Users/Sourabh Dhiman/OneDrive/Desktop/DeepFake_DetectionAPP/mixed_dataset/fake\1718_0.jpg,0
C:/Users/Sourabh Dhiman/OneDrive/Desktop/DeepFake_DetectionAPP/mixed_dataset/fake\1718_0.resaved.jpg,0
C:/Users/Sourabh Dhiman/OneDrive/Desktop/DeepFake_DetectionAPP/mixed_dataset/fake\1719_0.jpg,0
C:/Users/Sourabh Dhiman/OneDrive/Desktop/DeepFake_DetectionAPP/mixed_dataset/fake\1719_0.resaved.jpg,0
C:/Users/Sourabh Dhiman/OneDrive/Desktop/DeepFake_DetectionAPP/mixed_dataset/fake\1720_0.jpg,0
C:/Users/Sourabh Dhiman/OneDrive/Desktop/DeepFake_DetectionAPP/mixed_dataset/fake\1720_0.resaved.jpg,0
C:/Users/Sourabh Dhiman/OneDrive/Desktop/DeepFake_DetectionAPP/mixed_dataset/fake\1721_0.jpg,0
C:/Users/Sourabh Dhiman/OneDrive/Desktop/DeepFake_DetectionAPP/mixed_dataset/fake\1721_0.resaved.jpg,0
C:/Users/Sourabh Dhiman/OneDrive/Desktop/DeepFake_DetectionAPP/mixed_dataset/fake\1722_0.jpg,0
C:/Users/Sourabh Dhiman/OneDrive/Desktop/DeepFake_DetectionAPP/mixed_dataset/fake\1722_0.resaved.jpg,0
C:/Users/Sourabh Dhiman/OneDrive/Desktop/DeepFake_DetectionAPP/mixed_dataset/fake\1723_0.jpg,0
C:/Users/Sourabh Dhiman/OneDrive/Desktop/DeepFake_DetectionAPP/mixed_dataset/fake\1723_0.resaved.jpg,0
C:/Users/Sourabh Dhiman/OneDrive/Desktop/DeepFake_DetectionAPP/mixed_dataset/fake\1724_0.jpg,0
C:/Users/Sourabh Dhiman/OneDrive/Desktop/DeepFake_DetectionAPP/mixed_dataset/fake\1724_0.resaved.jpg,0
C:/Users/Sourabh Dhiman/OneDrive/Desktop/DeepFake_DetectionAPP/mixed_dataset/fake\1725_0.jpg,0
C:/Users/Sourabh Dhiman/OneDrive/Desktop/DeepFake_DetectionAPP/mixed_dataset/fake\1725_0.resaved.jpg,0
C:/Users/Sourabh Dhiman/OneDrive/Desktop/DeepFake_DetectionAPP/mixed_dataset/fake\1726_0.jpg,0
C:/Users/Sourabh Dhiman/OneDrive/Desktop/DeepFake_DetectionAPP/mixed_dataset/fake\1726_0.resaved.jpg,0
C:/Users/Sourabh Dhiman/OneDrive/Desktop/DeepFake_DetectionAPP/mixed_dataset/fake\1727_0.jpg,0
C:/Users/Sourabh Dhiman/OneDrive/Desktop/DeepFake_DetectionAPP/mixed_dataset/fake\1727_0.resaved.jpg,0
C:/Users/Sourabh Dhiman/OneDrive/Desktop/DeepFake_DetectionAPP/mixed_dataset/fake\1728_0.jpg,0
C:/Users/Sourabh Dhiman/OneDrive/Desktop/DeepFake_DetectionAPP/mixed_dataset/fake\1728_0.resaved.jpg,0
C:/Users/Sourabh Dhiman/OneDrive/Desktop/DeepFake_DetectionAPP/mixed_dataset/fake\1729_0.jpg,0
C:/Users/Sourabh Dhiman/OneDrive/Desktop/DeepFake_DetectionAPP/mixed_dataset/fake\1729_0.resaved.jpg,0
C:/Users/Sourabh Dhiman/OneDrive/Desktop/DeepFake_DetectionAPP/mixed_dataset/fake\1730_0.jpg,0
C:/Users/Sourabh Dhiman/OneDrive/Desktop/DeepFake_DetectionAPP/mixed_dataset/fake\1730_0.resaved.jpg,0
C:/Users/Sourabh Dhiman/OneDrive/Desktop/DeepFake_DetectionAPP/mixed_dataset/fake\1731_0.jpg,0
C:/Users/Sourabh Dhiman/OneDrive/Desktop/DeepFake_DetectionAPP/mixed_dataset/fake\1731_0.resaved.jpg,0
C:/Users/Sourabh Dhiman/OneDrive/Desktop/DeepFake_DetectionAPP/mixed_dataset/fake\1732_0.jpg,0
C:/Users/Sourabh Dhiman/OneDrive/Desktop/DeepFake_DetectionAPP/mixed_dataset/fake\1732_0.resaved.jpg,0
C:/Users/Sourabh Dhiman/OneDrive/Desktop/DeepFake_DetectionAPP/mixed_dataset/fake\1733_0.jpg,0
C:/Users/Sourabh Dhiman/OneDrive/Desktop/DeepFake_DetectionAPP/mixed_dataset/fake\1733_0.resaved.jpg,0
C:/Users/Sourabh Dhiman/OneDrive/Desktop/DeepFake_DetectionAPP/mixed_dataset/fake\1734_0.jpg,0
C:/Users/Sourabh Dhiman/OneDrive/Desktop/DeepFake_DetectionAPP/mixed_dataset/fake\1734_0.resaved.jpg,0
C:/Users/Sourabh Dhiman/OneDrive/Desktop/DeepFake_DetectionAPP/mixed_dataset/fake\1735_0.jpg,0
C:/Users/Sourabh Dhiman/OneDrive/Desktop/DeepFake_DetectionAPP/mixed_dataset/fake\1735_0.resaved.jpg,0
C:/Users/Sourabh Dhiman/OneDrive/Desktop/DeepFake_DetectionAPP/mixed_dataset/fake\1736_0.jpg,0
C:/Users/Sourabh Dhiman/OneDrive/Desktop/DeepFake_DetectionAPP/mixed_dataset/fake\1736_0.resaved.jpg,0
C:/Users/Sourabh Dhiman/OneDrive/Desktop/DeepFake_DetectionAPP/mixed_dataset/fake\1737_0.jpg,0
C:/Users/Sourabh Dhiman/OneDrive/Desktop/DeepFake_DetectionAPP/mixed_dataset/fake\1737_0.resaved.jpg,0
C:/Users/Sourabh Dhiman/OneDrive/Desktop/DeepFake_DetectionAPP/mixed_dataset/fake\1738_0.jpg,0
C:/Users/Sourabh Dhiman/OneDrive/Desktop/DeepFake_DetectionAPP/mixed_dataset/fake\1738_0.resaved.jpg,0
C:/Users/Sourabh Dhiman/OneDrive/Desktop/DeepFake_DetectionAPP/mixed_dataset/fake\1739_0.jpg,0
C:/Users/Sourabh Dhiman/OneDrive/Desktop/DeepFake_DetectionAPP/mixed_dataset/fake\1739_0.resaved.jpg,0
C:/Users/Sourabh Dhiman/OneDrive/Desktop/DeepFake_DetectionAPP/mixed_dataset/fake\1740_0.jpg,0
C:/Users/Sourabh Dhiman/OneDrive/Desktop/DeepFake_DetectionAPP/mixed_dataset/fake\1740_0.resaved.jpg,0
C:/Users/Sourabh Dhiman/OneDrive/Desktop/DeepFake_DetectionAPP/mixed_dataset/fake\1741_0.jpg,0
C:/Users/Sourabh Dhiman/OneDrive/Desktop/DeepFake_DetectionAPP/mixed_dataset/fake\1741_0.resaved.jpg,0
C:/Users/Sourabh Dhiman/OneDrive/Desktop/DeepFake_DetectionAPP/mixed_dataset/fake\1742_0.jpg,0
C:/Users/Sourabh Dhiman/OneDrive/Desktop/DeepFake_DetectionAPP/mixed_dataset/fake\1742_0.resaved.jpg,0
C:/Users/Sourabh Dhiman/OneDrive/Desktop/DeepFake_DetectionAPP/mixed_dataset/fake\1743_0.jpg,0
C:/Users/Sourabh Dhiman/OneDrive/Desktop/DeepFake_DetectionAPP/mixed_dataset/fake\1743_0.resaved.jpg,0
C:/Users/Sourabh Dhiman/OneDrive/Desktop/DeepFake_DetectionAPP/mixed_dataset/fake\1744_0.jpg,0
C:/Users/Sourabh Dhiman/OneDrive/Desktop/DeepFake_DetectionAPP/mixed_dataset/fake\1744_0.resaved.jpg,0
C:/Users/Sourabh Dhiman/OneDrive/Desktop/DeepFake_DetectionAPP/mixed_dataset/fake\1745_0.jpg,0
C:/Users/Sourabh Dhiman/OneDrive/Desktop/DeepFake_DetectionAPP/mixed_dataset/fake\1745_0.resaved.jpg,0
C:/Users/Sourabh Dhiman/OneDrive/Desktop/DeepFake_DetectionAPP/mixed_dataset/fake\1746_0.jpg,0
C:/Users/Sourabh Dhiman/OneDrive/Desktop/DeepFake_DetectionAPP/mixed_dataset/fake\1746_0.resaved.jpg,0
C:/Users/Sourabh Dhiman/OneDrive/Desktop/DeepFake_DetectionAPP/mixed_dataset/fake\1747_0.jpg,0
C:/Users/Sourabh Dhiman/OneDrive/Desktop/DeepFake_DetectionAPP/mixed_dataset/fake\1747_0.resaved.jpg,0
C:/Users/Sourabh Dhiman/OneDrive/Desktop/DeepFake_DetectionAPP/mixed_dataset/fake\1748_0.jpg,0
C:/Users/Sourabh Dhiman/OneDrive/Desktop/DeepFake_DetectionAPP/mixed_dataset/fake\1748_0.resaved.jpg,0
C:/Users/Sourabh Dhiman/OneDrive/Desktop/DeepFake_DetectionAPP/mixed_dataset/fake\1749_0.jpg,0
C:/Users/Sourabh Dhiman/OneDrive/Desktop/DeepFake_DetectionAPP/mixed_dataset/fake\1749_0.resaved.jpg,0
C:/Users/Sourabh Dhiman/OneDrive/Desktop/DeepFake_DetectionAPP/mixed_dataset/fake\1750_0.jpg,0
C:/Users/Sourabh Dhiman/OneDrive/Desktop/DeepFake_DetectionAPP/mixed_dataset/fake\1750_0.resaved.jpg,0
C:/Users/Sourabh Dhiman/OneDrive/Desktop/DeepFake_DetectionAPP/mixed_dataset/fake\1751_0.jpg,0
C:/Users/Sourabh Dhiman/OneDrive/Desktop/DeepFake_DetectionAPP/mixed_dataset/fake\1751_0.resaved.jpg,0
C:/Users/Sourabh Dhiman/OneDrive/Desktop/DeepFake_DetectionAPP/mixed_dataset/fake\1752_0.jpg,0
C:/Users/Sourabh Dhiman/OneDrive/Desktop/DeepFake_DetectionAPP/mixed_dataset/fake\1752_0.resaved.jpg,0
C:/Users/Sourabh Dhiman/OneDrive/Desktop/DeepFake_DetectionAPP/mixed_dataset/fake\1753_0.jpg,0
C:/Users/Sourabh Dhiman/OneDrive/Desktop/DeepFake_DetectionAPP/mixed_dataset/fake\1753_0.resaved.jpg,0
C:/Users/Sourabh Dhiman/OneDrive/Desktop/DeepFake_DetectionAPP/mixed_dataset/fake\1754_0.jpg,0
C:/Users/Sourabh Dhiman/OneDrive/Desktop/DeepFake_DetectionAPP/mixed_dataset/fake\1754_0.resaved.jpg,0
C:/Users/Sourabh Dhiman/OneDrive/Desktop/DeepFake_DetectionAPP/mixed_dataset/fake\1755_0.jpg,0
C:/Users/Sourabh Dhiman/OneDrive/Desktop/DeepFake_DetectionAPP/mixed_dataset/fake\1755_0.resaved.jpg,0
C:/Users/Sourabh Dhiman/OneDrive/Desktop/DeepFake_DetectionAPP/mixed_dataset/fake\1756_0.jpg,0
C:/Users/Sourabh Dhiman/OneDrive/Desktop/DeepFake_DetectionAPP/mixed_dataset/fake\1756_0.resaved.jpg,0
C:/Users/Sourabh Dhiman/OneDrive/Desktop/DeepFake_DetectionAPP/mixed_dataset/fake\1757_0.jpg,0
C:/Users/Sourabh Dhiman/OneDrive/Desktop/DeepFake_DetectionAPP/mixed_dataset/fake\1757_0.resaved.jpg,0
C:/Users/Sourabh Dhiman/OneDrive/Desktop/DeepFake_DetectionAPP/mixed_dataset/fake\1758_0.jpg,0
C:/Users/Sourabh Dhiman/OneDrive/Desktop/DeepFake_DetectionAPP/mixed_dataset/fake\1758_0.resaved.jpg,0
C:/Users/Sourabh Dhiman/OneDrive/Desktop/DeepFake_DetectionAPP/mixed_dataset/fake\1759_0.jpg,0
C:/Users/Sourabh Dhiman/OneDrive/Desktop/DeepFake_DetectionAPP/mixed_dataset/fake\1759_0.resaved.jpg,0
C:/Users/Sourabh Dhiman/OneDrive/Desktop/DeepFake_DetectionAPP/mixed_dataset/fake\1760_0.jpg,0
C:/Users/Sourabh Dhiman/OneDrive/Desktop/DeepFake_DetectionAPP/mixed_dataset/fake\1760_0.resaved.jpg,0
C:/Users/Sourabh Dhiman/OneDrive/Desktop/DeepFake_DetectionAPP/mixed_dataset/fake\1761_0.jpg,0
C:/Users/Sourabh Dhiman/OneDrive/Desktop/DeepFake_DetectionAPP/mixed_dataset/fake\1761_0.resaved.jpg,0
C:/Users/Sourabh Dhiman/OneDrive/Desktop/DeepFake_DetectionAPP/mixed_dataset/fake\1762_0.jpg,0
C:/Users/Sourabh Dhiman/OneDrive/Desktop/DeepFake_DetectionAPP/mixed_dataset/fake\1762_0.resaved.jpg,0
C:/Users/Sourabh Dhiman/OneDrive/Desktop/DeepFake_DetectionAPP/mixed_dataset/fake\1763_0.jpg,0
C:/Users/Sourabh Dhiman/OneDrive/Desktop/DeepFake_DetectionAPP/mixed_dataset/fake\1763_0.resaved.jpg,0
C:/Users/Sourabh Dhiman/OneDrive/Desktop/DeepFake_DetectionAPP/mixed_dataset/fake\1764_0.jpg,0
C:/Users/Sourabh Dhiman/OneDrive/Desktop/DeepFake_DetectionAPP/mixed_dataset/fake\1764_0.resaved.jpg,0
C:/Users/Sourabh Dhiman/OneDrive/Desktop/DeepFake_DetectionAPP/mixed_dataset/real\6401_0.jpg,1
C:/Users/Sourabh Dhiman/OneDrive/Desktop/DeepFake_DetectionAPP/mixed_dataset/real\6401_0.resaved.jpg,1
C:/Users/Sourabh Dhiman/OneDrive/Desktop/DeepFake_DetectionAPP/mixed_dataset/real\6402_0.jpg,1
C:/Users/Sourabh Dhiman/OneDrive/Desktop/DeepFake_DetectionAPP/mixed_dataset/real\6402_0.resaved.jpg,1
C:/Users/Sourabh Dhiman/OneDrive/Desktop/DeepFake_DetectionAPP/mixed_dataset/real\6403_0.jpg,1
C:/Users/Sourabh Dhiman/OneDrive/Desktop/DeepFake_DetectionAPP/mixed_dataset/real\6403_0.resaved.jpg,1
C:/Users/Sourabh Dhiman/OneDrive/Desktop/DeepFake_DetectionAPP/mixed_dataset/real\6404_0.jpg,1
C:/Users/Sourabh Dhiman/OneDrive/Desktop/DeepFake_DetectionAPP/mixed_dataset/real\6404_0.resaved.jpg,1
C:/Users/Sourabh Dhiman/OneDrive/Desktop/DeepFake_DetectionAPP/mixed_dataset/real\6405_0.jpg,1
C:/Users/Sourabh Dhiman/OneDrive/Desktop/DeepFake_DetectionAPP/mixed_dataset/real\6405_0.resaved.jpg,1
C:/Users/Sourabh Dhiman/OneDrive/Desktop/DeepFake_DetectionAPP/mixed_dataset/real\6406_0.jpg,1
C:/Users/Sourabh Dhiman/OneDrive/Desktop/DeepFake_DetectionAPP/mixed_dataset/real\6406_0.resaved.jpg,1
C:/Users/Sourabh Dhiman/OneDrive/Desktop/DeepFake_DetectionAPP/mixed_dataset/real\6407_0.jpg,1
C:/Users/Sourabh Dhiman/OneDrive/Desktop/DeepFake_DetectionAPP/mixed_dataset/real\6407_0.resaved.jpg,1
C:/Users/Sourabh Dhiman/OneDrive/Desktop/DeepFake_DetectionAPP/mixed_dataset/real\6408_0.jpg,1
C:/Users/Sourabh Dhiman/OneDrive/Desktop/DeepFake_DetectionAPP/mixed_dataset/real\6408_0.resaved.jpg,1
C:/Users/Sourabh Dhiman/OneDrive/Desktop/DeepFake_DetectionAPP/mixed_dataset/real\6409_0.jpg,1
C:/Users/Sourabh Dhiman/OneDrive/Desktop/DeepFake_DetectionAPP/mixed_dataset/real\6409_0.resaved.jpg,1
C:/Users/Sourabh Dhiman/OneDrive/Desktop/DeepFake_DetectionAPP/mixed_dataset/real\6410_0.jpg,1
C:/Users/Sourabh Dhiman/OneDrive/Desktop/DeepFake_DetectionAPP/mixed_dataset/real\6410_0.resaved.jpg,1
C:/Users/Sourabh Dhiman/OneDrive/Desktop/DeepFake_DetectionAPP/mixed_dataset/real\6411_0.jpg,1
C:/Users/Sourabh Dhiman/OneDrive/Desktop/DeepFake_DetectionAPP/mixed_dataset/real\6411_0.resaved.jpg,1
C:/Users/Sourabh Dhiman/OneDrive/Desktop/DeepFake_DetectionAPP/mixed_dataset/real\6412_0.jpg,1
C:/Users/Sourabh Dhiman/OneDrive/Desktop/DeepFake_DetectionAPP/mixed_dataset/real\6412_0.resaved.jpg,1
C:/Users/Sourabh Dhiman/OneDrive/Desktop/DeepFake_DetectionAPP/mixed_dataset/real\6413_0.jpg,1
C:/Users/Sourabh Dhiman/OneDrive/Desktop/DeepFake_DetectionAPP/mixed_dataset/real\6413_0.resaved.jpg,1
C:/Users/Sourabh Dhiman/OneDrive/Desktop/DeepFake_DetectionAPP/mixed_dataset/real\6414_0.jpg,1
C:/Users/Sourabh Dhiman/OneDrive/Desktop/DeepFake_DetectionAPP/mixed_dataset/real\6414_0.resaved.jpg,1
C:/Users/Sourabh Dhiman/OneDrive/Desktop/DeepFake_DetectionAPP/mixed_dataset/real\6415_0.jpg,1
C:/Users/Sourabh Dhiman/OneDrive/Desktop/DeepFake_DetectionAPP/mixed_dataset/real\6415_0.resaved.jpg,1
C:/Users/Sourabh Dhiman/OneDrive/Desktop/DeepFake_DetectionAPP/mixed_dataset/real\6416_0.jpg,1
C:/Users/Sourabh Dhiman/OneDrive/Desktop/DeepFake_DetectionAPP/mixed_dataset/real\6416_0.resaved.jpg,1
C:/Users/Sourabh Dhiman/OneDrive/Desktop/DeepFake_DetectionAPP/mixed_dataset/real\6417_0.jpg,1
C:/Users/Sourabh Dhiman/OneDrive/Desktop/DeepFake_DetectionAPP/mixed_dataset/real\6417_0.resaved.jpg,1
C:/Users/Sourabh Dhiman/OneDrive/Desktop/DeepFake_DetectionAPP/mixed_dataset/real\6418_0.jpg,1
C:/Users/Sourabh Dhiman/OneDrive/Desktop/DeepFake_DetectionAPP/mixed_dataset/real\6418_0.resaved.jpg,1
C:/Users/Sourabh Dhiman/OneDrive/Desktop/DeepFake_DetectionAPP/mixed_dataset/real\6419_0.jpg,1
C:/Users/Sourabh Dhiman/OneDrive/Desktop/DeepFake_DetectionAPP/mixed_dataset/real\6419_0.resaved.jpg,1
C:/Users/Sourabh Dhiman/OneDrive/Desktop/DeepFake_DetectionAPP/mixed_dataset/real\6420_0.jpg,1
C:/Users/Sourabh Dhiman/OneDrive/Desktop/DeepFake_DetectionAPP/mixed_dataset/real\6420_0.resaved.jpg,1
C:/Users/Sourabh Dhiman/OneDrive/Desktop/DeepFake_DetectionAPP/mixed_dataset/real\6421_0.jpg,1
C:/Users/Sourabh Dhiman/OneDrive/Desktop/DeepFake_DetectionAPP/mixed_dataset/real\6421_0.resaved.jpg,1
C:/Users/Sourabh Dhiman/OneDrive/Desktop/DeepFake_DetectionAPP/mixed_dataset/real\6422_0.jpg,1
C:/Users/Sourabh Dhiman/OneDrive/Desktop/DeepFake_DetectionAPP/mixed_dataset/real\6422_0.resaved.jpg,1
C:/Users/Sourabh Dhiman/OneDrive/Desktop/DeepFake_DetectionAPP/mixed_dataset/real\6423_0.jpg,1
C:/Users/Sourabh Dhiman/OneDrive/Desktop/DeepFake_DetectionAPP/mixed_dataset/real\6423_0.resaved.jpg,1
C:/Users/Sourabh Dhiman/OneDrive/Desktop/DeepFake_DetectionAPP/mixed_dataset/real\6424_0.jpg,1
C:/Users/Sourabh Dhiman/OneDrive/Desktop/DeepFake_DetectionAPP/mixed_dataset/real\6424_0.resaved.jpg,1
C:/Users/Sourabh Dhiman/OneDrive/Desktop/DeepFake_DetectionAPP/mixed_dataset/real\6425_0.jpg,1
C:/Users/Sourabh Dhiman/OneDrive/Desktop/DeepFake_DetectionAPP/mixed_dataset/real\6425_0.resaved.jpg,1
C:/Users/Sourabh Dhiman/OneDrive/Desktop/DeepFake_DetectionAPP/mixed_dataset/real\6426_0.jpg,1
C:/Users/Sourabh Dhiman/OneDrive/Desktop/DeepFake_DetectionAPP/mixed_dataset/real\6426_0.resaved.jpg,1
C:/Users/Sourabh Dhiman/OneDrive/Desktop/DeepFake_DetectionAPP/mixed_dataset/real\6427_0.jpg,1
C:/Users/Sourabh Dhiman/OneDrive/Desktop/DeepFake_DetectionAPP/mixed_dataset/real\6427_0.resaved.jpg,1
C:/Users/Sourabh Dhiman/OneDrive/Desktop/DeepFake_DetectionAPP/mixed_dataset/real\6428_0.jpg,1
C:/Users/Sourabh Dhiman/OneDrive/Desktop/DeepFake_DetectionAPP/mixed_dataset/real\6428_0.resaved.jpg,1
C:/Users/Sourabh Dhiman/OneDrive/Desktop/DeepFake_DetectionAPP/mixed_dataset/real\6429_0.jpg,1
C:/Users/Sourabh Dhiman/OneDrive/Desktop/DeepFake_DetectionAPP/mixed_dataset/real\6429_0.resaved.jpg,1
C:/Users/Sourabh Dhiman/OneDrive/Desktop/DeepFake_DetectionAPP/mixed_dataset/real\6430_0.jpg,1
C:/Users/Sourabh Dhiman/OneDrive/Desktop/DeepFake_DetectionAPP/mixed_dataset/real\6430_0.resaved.jpg,1
C:/Users/Sourabh Dhiman/OneDrive/Desktop/DeepFake_DetectionAPP/mixed_dataset/real\6431_0.jpg,1
C:/Users/Sourabh Dhiman/OneDrive/Desktop/DeepFake_DetectionAPP/mixed_dataset/real\6431_0.resaved.jpg,1
C:/Users/Sourabh Dhiman/OneDrive/Desktop/DeepFake_DetectionAPP/mixed_dataset/real\6432_0.jpg,1
C:/Users/Sourabh Dhiman/OneDrive/Desktop/DeepFake_DetectionAPP/mixed_dataset/real\6432_0.resaved.jpg,1
C:/Users/Sourabh Dhiman/OneDrive/Desktop/DeepFake_DetectionAPP/mixed_dataset/real\6433_0.jpg,1
C:/Users/Sourabh Dhiman/OneDrive/Desktop/DeepFake_DetectionAPP/mixed_dataset/real\6433_0.resaved.jpg,1
C:/Users/Sourabh Dhiman/OneDrive/Desktop/DeepFake_DetectionAPP/mixed_dataset/real\6434_0.jpg,1
C:/Users/Sourabh Dhiman/OneDrive/Desktop/DeepFake_DetectionAPP/mixed_dataset/real\6434_0.resaved.jpg,1
C:/Users/Sourabh Dhiman/OneDrive/Desktop/DeepFake_DetectionAPP/mixed_dataset/real\6435_0.jpg,1
C:/Users/Sourabh Dhiman/OneDrive/Desktop/DeepFake_DetectionAPP/mixed_dataset/real\6435_0.resaved.jpg,1
C:/Users/Sourabh Dhiman/OneDrive/Desktop/DeepFake_DetectionAPP/mixed_dataset/real\6436_0.jpg,1
C:/Users/Sourabh Dhiman/OneDrive/Desktop/DeepFake_DetectionAPP/mixed_dataset/real\6436_0.resaved.jpg,1
C:/Users/Sourabh Dhiman/OneDrive/Desktop/DeepFake_DetectionAPP/mixed_dataset/real\6437_0.jpg,1
C:/Users/Sourabh Dhiman/OneDrive/Desktop/DeepFake_DetectionAPP/mixed_dataset/real\6437_0.resaved.jpg,1
C:/Users/Sourabh Dhiman/OneDrive/Desktop/DeepFake_DetectionAPP/mixed_dataset/real\6438_0.jpg,1
C:/Users/Sourabh Dhiman/OneDrive/Desktop/DeepFake_DetectionAPP/mixed_dataset/real\6438_0.resaved.jpg,1
C:/Users/Sourabh Dhiman/OneDrive/Desktop/DeepFake_DetectionAPP/mixed_dataset/real\6439_0.jpg,1
C:/Users/Sourabh Dhiman/OneDrive/Desktop/DeepFake_DetectionAPP/mixed_dataset/real\6439_0.resaved.jpg,1
C:/Users/Sourabh Dhiman/OneDrive/Desktop/DeepFake_DetectionAPP/mixed_dataset/real\6440_0.jpg,1
C:/Users/Sourabh Dhiman/OneDrive/Desktop/DeepFake_DetectionAPP/mixed_dataset/real\6440_0.resaved.jpg,1
C:/Users/Sourabh Dhiman/OneDrive/Desktop/DeepFake_DetectionAPP/mixed_dataset/real\6441_0.jpg,1
C:/Users/Sourabh Dhiman/OneDrive/Desktop/DeepFake_DetectionAPP/mixed_dataset/real\6441_0.resaved.jpg,1
C:/Users/Sourabh Dhiman/OneDrive/Desktop/DeepFake_DetectionAPP/mixed_dataset/real\6442_0.jpg,1
C:/Users/Sourabh Dhiman/OneDrive/Desktop/DeepFake_DetectionAPP/mixed_dataset/real\6442_0.resaved.jpg,1
C:/Users/Sourabh Dhiman/OneDrive/Desktop/DeepFake_DetectionAPP/mixed_dataset/real\6443_0.jpg,1
C:/Users/Sourabh Dhiman/OneDrive/Desktop/DeepFake_DetectionAPP/mixed_dataset/real\6443_0.resaved.jpg,1
C:/Users/Sourabh Dhiman/OneDrive/Desktop/DeepFake_DetectionAPP/mixed_dataset/real\6444_0.jpg,1
C:/Users/Sourabh Dhiman/OneDrive/Desktop/DeepFake_DetectionAPP/mixed_dataset/real\6444_0.resaved.jpg,1
C:/Users/Sourabh Dhiman/OneDrive/Desktop/DeepFake_DetectionAPP/mixed_dataset/real\6445_0.jpg,1
C:/Users/Sourabh Dhiman/OneDrive/Desktop/DeepFake_DetectionAPP/mixed_dataset/real\6445_0.resaved.jpg,1
C:/Users/Sourabh Dhiman/OneDrive/Desktop/DeepFake_DetectionAPP/mixed_dataset/real\6446_0.jpg,1
C:/Users/Sourabh Dhiman/OneDrive/Desktop/DeepFake_DetectionAPP/mixed_dataset/real\6446_0.resaved.jpg,1
C:/Users/Sourabh Dhiman/OneDrive/Desktop/DeepFake_DetectionAPP/mixed_dataset/real\6447_0.jpg,1
C:/Users/Sourabh Dhiman/OneDrive/Desktop/DeepFake_DetectionAPP/mixed_dataset/real\6447_0.resaved.jpg,1
C:/Users/Sourabh Dhiman/OneDrive/Desktop/DeepFake_DetectionAPP/mixed_dataset/real\6448_0.jpg,1
C:/Users/Sourabh Dhiman/OneDrive/Desktop/DeepFake_DetectionAPP/mixed_dataset/real\6448_0.resaved.jpg,1
C:/Users/Sourabh Dhiman/OneDrive/Desktop/DeepFake_DetectionAPP/mixed_dataset/real\6449_0.jpg,1
C:/Users/Sourabh Dhiman/OneDrive/Desktop/DeepFake_DetectionAPP/mixed_dataset/real\6449_0.resaved.jpg,1
C:/Users/Sourabh Dhiman/OneDrive/Desktop/DeepFake_DetectionAPP/mixed_dataset/real\6450_0.jpg,1
C:/Users/Sourabh Dhiman/OneDrive/Desktop/DeepFake_DetectionAPP/mixed_dataset/real\6450_0.resaved.jpg,1
C:/Users/Sourabh Dhiman/OneDrive/Desktop/DeepFake_DetectionAPP/mixed_dataset/real\6451_0.jpg,1
C:/Users/Sourabh Dhiman/OneDrive/Desktop/DeepFake_DetectionAPP/mixed_dataset/real\6451_0.resaved.jpg,1
C:/Users/Sourabh Dhiman/OneDrive/Desktop/DeepFake_DetectionAPP/mixed_dataset/real\6452_0.jpg,1
C:/Users/Sourabh Dhiman/OneDrive/Desktop/DeepFake_DetectionAPP/mixed_dataset/real\6452_0.resaved.jpg,1
C:/Users/Sourabh Dhiman/OneDrive/Desktop/DeepFake_DetectionAPP/mixed_dataset/real\6453_0.jpg,1
C:/Users/Sourabh Dhiman/OneDrive/Desktop/DeepFake_DetectionAPP/mixed_dataset/real\6453_0.resaved.jpg,1
C:/Users/Sourabh Dhiman/OneDrive/Desktop/DeepFake_DetectionAPP/mixed_dataset/real\6454_0.jpg,1
C:/Users/Sourabh Dhiman/OneDrive/Desktop/DeepFake_DetectionAPP/mixed_dataset/real\6454_0.resaved.jpg,1
C:/Users/Sourabh Dhiman/OneDrive/Desktop/DeepFake_DetectionAPP/mixed_dataset/real\6455_0.jpg,1
C:/Users/Sourabh Dhiman/OneDrive/Desktop/DeepFake_DetectionAPP/mixed_dataset/real\6455_0.resaved.jpg,1
C:/Users/Sourabh Dhiman/OneDrive/Desktop/DeepFake_DetectionAPP/mixed_dataset/real\6456_0.jpg,1
C:/Users/Sourabh Dhiman/OneDrive/Desktop/DeepFake_DetectionAPP/mixed_dataset/real\6456_0.resaved.jpg,1
C:/Users/Sourabh Dhiman/OneDrive/Desktop/DeepFake_DetectionAPP/mixed_dataset/real\6457_0.jpg,1
C:/Users/Sourabh Dhiman/OneDrive/Desktop/DeepFake_DetectionAPP/mixed_dataset/real\6457_0.resaved.jpg,1
C:/Users/Sourabh Dhiman/OneDrive/Desktop/DeepFake_DetectionAPP/mixed_dataset/real\6458_0.jpg,1
C:/Users/Sourabh Dhiman/OneDrive/Desktop/DeepFake_DetectionAPP/mixed_dataset/real\6458_0.resaved.jpg,1
C:/Users/Sourabh Dhiman/OneDrive/Desktop/DeepFake_DetectionAPP/mixed_dataset/real\6459_0.jpg,1
C:/Users/Sourabh Dhiman/OneDrive/Desktop/DeepFake_DetectionAPP/mixed_dataset/real\6459_0.resaved.jpg,1
C:/Users/Sourabh Dhiman/OneDrive/Desktop/DeepFake_DetectionAPP/mixed_dataset/real\6460_0.jpg,1
C:/Users/Sourabh Dhiman/OneDrive/Desktop/DeepFake_DetectionAPP/mixed_dataset/real\6460_0.resaved.jpg,1
C:/Users/Sourabh Dhiman/OneDrive/Desktop/DeepFake_DetectionAPP/mixed_dataset/real\6461_0.jpg,1
C:/Users/Sourabh Dhiman/OneDrive/Desktop/DeepFake_DetectionAPP/mixed_dataset/real\6461_0.resaved.jpg,1
C:/Users/Sourabh Dhiman/OneDrive/Desktop/DeepFake_DetectionAPP/mixed_dataset/real\6462_0.jpg,1
C:/Users/Sourabh Dhiman/OneDrive/Desktop/DeepFake_DetectionAPP/mixed_dataset/real\6462_0.resaved.jpg,1
C:/Users/Sourabh Dhiman/OneDrive/Desktop/DeepFake_DetectionAPP/mixed_dataset/real\6464_0.jpg,1
C:/Users/Sourabh Dhiman/OneDrive/Desktop/DeepFake_DetectionAPP/mixed_dataset/real\6464_0.resaved.jpg,1
C:/Users/Sourabh Dhiman/OneDrive/Desktop/DeepFake_DetectionAPP/mixed_dataset/real\6465_0.jpg,1
C:/Users/Sourabh Dhiman/OneDrive/Desktop/DeepFake_DetectionAPP/mixed_dataset/real\6465_0.resaved.jpg,1
C:/Users/Sourabh Dhiman/OneDrive/Desktop/DeepFake_DetectionAPP/mixed_dataset/real\6467_0.jpg,1
C:/Users/Sourabh Dhiman/OneDrive/Desktop/DeepFake_DetectionAPP/mixed_dataset/real\6467_0.resaved.jpg,1
C:/Users/Sourabh Dhiman/OneDrive/Desktop/DeepFake_DetectionAPP/mixed_dataset/real\6468_0.jpg,1
C:/Users/Sourabh Dhiman/OneDrive/Desktop/DeepFake_DetectionAPP/mixed_dataset/real\6468_0.resaved.jpg,1
C:/Users/Sourabh Dhiman/OneDrive/Desktop/DeepFake_DetectionAPP/mixed_dataset/real\6469_0.jpg,1
C:/Users/Sourabh Dhiman/OneDrive/Desktop/DeepFake_DetectionAPP/mixed_dataset/real\6469_0.resaved.jpg,1
C:/Users/Sourabh Dhiman/OneDrive/Desktop/DeepFake_DetectionAPP/mixed_dataset/real\6470_0.jpg,1
C:/Users/Sourabh Dhiman/OneDrive/Desktop/DeepFake_DetectionAPP/mixed_dataset/real\6470_0.resaved.jpg,1
C:/Users/Sourabh Dhiman/OneDrive/Desktop/DeepFake_DetectionAPP/mixed_dataset/real\6471_0.jpg,1
C:/Users/Sourabh Dhiman/OneDrive/Desktop/DeepFake_DetectionAPP/mixed_dataset/real\6471_0.resaved.jpg,1
C:/Users/Sourabh Dhiman/OneDrive/Desktop/DeepFake_DetectionAPP/mixed_dataset/real\6472_0.jpg,1
C:/Users/Sourabh Dhiman/OneDrive/Desktop/DeepFake_DetectionAPP/mixed_dataset/real\6472_0.resaved.jpg,1
C:/Users/Sourabh Dhiman/OneDrive/Desktop/DeepFake_DetectionAPP/mixed_dataset/real\6473_0.jpg,1
C:/Users/Sourabh Dhiman/OneDrive/Desktop/DeepFake_DetectionAPP/mixed_dataset/real\6473_0.resaved.jpg,1
C:/Users/Sourabh Dhiman/OneDrive/Desktop/DeepFake_DetectionAPP/mixed_dataset/real\6474_0.jpg,1
C:/Users/Sourabh Dhiman/OneDrive/Desktop/DeepFake_DetectionAPP/mixed_dataset/real\6474_0.resaved.jpg,1
C:/Users/Sourabh Dhiman/OneDrive/Desktop/DeepFake_DetectionAPP/mixed_dataset/real\6475_0.jpg,1
C:/Users/Sourabh Dhiman/OneDrive/Desktop/DeepFake_DetectionAPP/mixed_dataset/real\6475_0.resaved.jpg,1
C:/Users/Sourabh Dhiman/OneDrive/Desktop/DeepFake_DetectionAPP/mixed_dataset/real\6476_0.jpg,1
C:/Users/Sourabh Dhiman/OneDrive/Desktop/DeepFake_DetectionAPP/mixed_dataset/real\6476_0.resaved.jpg,1
C:/Users/Sourabh Dhiman/OneDrive/Desktop/DeepFake_DetectionAPP/mixed_dataset/real\6477_0.jpg,1
C:/Users/Sourabh Dhiman/OneDrive/Desktop/DeepFake_DetectionAPP/mixed_dataset/real\6477_0.resaved.jpg,1
C:/Users/Sourabh Dhiman/OneDrive/Desktop/DeepFake_DetectionAPP/mixed_dataset/real\6478_0.jpg,1
C:/Users/Sourabh Dhiman/OneDrive/Desktop/DeepFake_DetectionAPP/mixed_dataset/real\6478_0.resaved.jpg,1
C:/Users/Sourabh Dhiman/OneDrive/Desktop/DeepFake_DetectionAPP/mixed_dataset/real\6479_0.jpg,1
C:/Users/Sourabh Dhiman/OneDrive/Desktop/DeepFake_DetectionAPP/mixed_dataset/real\6479_0.resaved.jpg,1
C:/Users/Sourabh Dhiman/OneDrive/Desktop/DeepFake_DetectionAPP/mixed_dataset/real\6480_0.jpg,1
C:/Users/Sourabh Dhiman/OneDrive/Desktop/DeepFake_DetectionAPP/mixed_dataset/real\6480_0.resaved.jpg,1
C:/Users/Sourabh Dhiman/OneDrive/Desktop/DeepFake_DetectionAPP/mixed_dataset/real\6481_0.jpg,1
C:/Users/Sourabh Dhiman/OneDrive/Desktop/DeepFake_DetectionAPP/mixed_dataset/real\6481_0.resaved.jpg,1
C:/Users/Sourabh Dhiman/OneDrive/Desktop/DeepFake_DetectionAPP/mixed_dataset/real\6482_0.jpg,1
C:/Users/Sourabh Dhiman/OneDrive/Desktop/DeepFake_DetectionAPP/mixed_dataset/real\6482_0.resaved.jpg,1
C:/Users/Sourabh Dhiman/OneDrive/Desktop/DeepFake_DetectionAPP/mixed_dataset/real\6483_0.jpg,1
C:/Users/Sourabh Dhiman/OneDrive/Desktop/DeepFake_DetectionAPP/mixed_dataset/real\6483_0.resaved.jpg,1
C:/Users/Sourabh Dhiman/OneDrive/Desktop/DeepFake_DetectionAPP/mixed_dataset/real\6484_0.jpg,1
C:/Users/Sourabh Dhiman/OneDrive/Desktop/DeepFake_DetectionAPP/mixed_dataset/real\6484_0.resaved.jpg,1
C:/Users/Sourabh Dhiman/OneDrive/Desktop/DeepFake_DetectionAPP/mixed_dataset/real\6485_0.jpg,1
C:/Users/Sourabh Dhiman/OneDrive/Desktop/DeepFake_DetectionAPP/mixed_dataset/real\6485_0.resaved.jpg,1
C:/Users/Sourabh Dhiman/OneDrive/Desktop/DeepFake_DetectionAPP/mixed_dataset/real\6486_0.jpg,1
C:/Users/Sourabh Dhiman/OneDrive/Desktop/DeepFake_DetectionAPP/mixed_dataset/real\6486_0.resaved.jpg,1
C:/Users/Sourabh Dhiman/OneDrive/Desktop/DeepFake_DetectionAPP/mixed_dataset/real\6487_0.jpg,1
C:/Users/Sourabh Dhiman/OneDrive/Desktop/DeepFake_DetectionAPP/mixed_dataset/real\6487_0.resaved.jpg,1
C:/Users/Sourabh Dhiman/OneDrive/Desktop/DeepFake_DetectionAPP/mixed_dataset/real\6488_0.jpg,1
C:/Users/Sourabh Dhiman/OneDrive/Desktop/DeepFake_DetectionAPP/mixed_dataset/real\6488_0.resaved.jpg,1
C:/Users/Sourabh Dhiman/OneDrive/Desktop/DeepFake_DetectionAPP/mixed_dataset/real\6489_0.jpg,1
C:/Users/Sourabh Dhiman/OneDrive/Desktop/DeepFake_DetectionAPP/mixed_dataset/real\6489_0.resaved.jpg,1
C:/Users/Sourabh Dhiman/OneDrive/Desktop/DeepFake_DetectionAPP/mixed_dataset/real\6490_0.jpg,1
C:/Users/Sourabh Dhiman/OneDrive/Desktop/DeepFake_DetectionAPP/mixed_dataset/real\6490_0.resaved.jpg,1
C:/Users/Sourabh Dhiman/OneDrive/Desktop/DeepFake_DetectionAPP/mixed_dataset/real\6491_0.jpg,1
C:/Users/Sourabh Dhiman/OneDrive/Desktop/DeepFake_DetectionAPP/mixed_dataset/real\6491_0.resaved.jpg,1
C:/Users/Sourabh Dhiman/OneDrive/Desktop/DeepFake_DetectionAPP/mixed_dataset/real\6492_0.jpg,1
C:/Users/Sourabh Dhiman/OneDrive/Desktop/DeepFake_DetectionAPP/mixed_dataset/real\6492_0.resaved.jpg,1
C:/Users/Sourabh Dhiman/OneDrive/Desktop/DeepFake_DetectionAPP/mixed_dataset/real\6493_0.jpg,1
C:/Users/Sourabh Dhiman/OneDrive/Desktop/DeepFake_DetectionAPP/mixed_dataset/real\6493_0.resaved.jpg,1
C:/Users/Sourabh Dhiman/OneDrive/Desktop/DeepFake_DetectionAPP/mixed_dataset/real\6494_0.jpg,1
C:/Users/Sourabh Dhiman/OneDrive/Desktop/DeepFake_DetectionAPP/mixed_dataset/real\6494_0.resaved.jpg,1
C:/Users/Sourabh Dhiman/OneDrive/Desktop/DeepFake_DetectionAPP/mixed_dataset/real\6495_0.jpg,1
C:/Users/Sourabh Dhiman/OneDrive/Desktop/DeepFake_DetectionAPP/mixed_dataset/real\6495_0.resaved.jpg,1
C:/Users/Sourabh Dhiman/OneDrive/Desktop/DeepFake_DetectionAPP/mixed_dataset/real\6496_0.jpg,1
C:/Users/Sourabh Dhiman/OneDrive/Desktop/DeepFake_DetectionAPP/mixed_dataset/real\6496_0.resaved.jpg,1
C:/Users/Sourabh Dhiman/OneDrive/Desktop/DeepFake_DetectionAPP/mixed_dataset/real\6497_0.jpg,1
C:/Users/Sourabh Dhiman/OneDrive/Desktop/DeepFake_DetectionAPP/mixed_dataset/real\6497_0.resaved.jpg,1
C:/Users/Sourabh Dhiman/OneDrive/Desktop/DeepFake_DetectionAPP/mixed_dataset/real\6498_0.jpg,1
C:/Users/Sourabh Dhiman/OneDrive/Desktop/DeepFake_DetectionAPP/mixed_dataset/real\6498_0.resaved.jpg,1
C:/Users/Sourabh Dhiman/OneDrive/Desktop/DeepFake_DetectionAPP/mixed_dataset/real\6499_0.jpg,1
C:/Users/Sourabh Dhiman/OneDrive/Desktop/DeepFake_DetectionAPP/mixed_dataset/real\6499_0.resaved.jpg,1
C:/Users/Sourabh Dhiman/OneDrive/Desktop/DeepFake_DetectionAPP/mixed_dataset/real\6500_0.jpg,1
C:/Users/Sourabh Dhiman/OneDrive/Desktop/DeepFake_DetectionAPP/mixed_dataset/real\6500_0.resaved.jpg,1
C:/Users/Sourabh Dhiman/OneDrive/Desktop/DeepFake_DetectionAPP/mixed_dataset/real\6501_0.jpg,1
C:/Users/Sourabh Dhiman/OneDrive/Desktop/DeepFake_DetectionAPP/mixed_dataset/real\6501_0.resaved.jpg,1
C:/Users/Sourabh Dhiman/OneDrive/Desktop/DeepFake_DetectionAPP/mixed_dataset/real\6502_0.jpg,1
C:/Users/Sourabh Dhiman/OneDrive/Desktop/DeepFake_DetectionAPP/mixed_dataset/real\6502_0.resaved.jpg,1
C:/Users/Sourabh Dhiman/OneDrive/Desktop/DeepFake_DetectionAPP/mixed_dataset/real\6503_0.jpg,1
C:/Users/Sourabh Dhiman/OneDrive/Desktop/DeepFake_DetectionAPP/mixed_dataset/real\6503_0.resaved.jpg,1
C:/Users/Sourabh Dhiman/OneDrive/Desktop/DeepFake_DetectionAPP/mixed_dataset/real\6504_0.jpg,1
C:/Users/Sourabh Dhiman/OneDrive/Desktop/DeepFake_DetectionAPP/mixed_dataset/real\6504_0.resaved.jpg,1
C:/Users/Sourabh Dhiman/OneDrive/Desktop/DeepFake_DetectionAPP/mixed_dataset/real\6505_0.jpg,1
C:/Users/Sourabh Dhiman/OneDrive/Desktop/DeepFake_DetectionAPP/mixed_dataset/real\6505_0.resaved.jpg,1
C:/Users/Sourabh Dhiman/OneDrive/Desktop/DeepFake_DetectionAPP/mixed_dataset/real\6506_0.jpg,1
C:/Users/Sourabh Dhiman/OneDrive/Desktop/DeepFake_DetectionAPP/mixed_dataset/real\6506_0.resaved.jpg,1
C:/Users/Sourabh Dhiman/OneDrive/Desktop/DeepFake_DetectionAPP/mixed_dataset/real\6507_0.jpg,1
C:/Users/Sourabh Dhiman/OneDrive/Desktop/DeepFake_DetectionAPP/mixed_dataset/real\6507_0.resaved.jpg,1
C:/Users/Sourabh Dhiman/OneDrive/Desktop/DeepFake_DetectionAPP/mixed_dataset/real\6508_0.jpg,1
C:/Users/Sourabh Dhiman/OneDrive/Desktop/DeepFake_DetectionAPP/mixed_dataset/real\6508_0.resaved.jpg,1
C:/Users/Sourabh Dhiman/OneDrive/Desktop/DeepFake_DetectionAPP/mixed_dataset/real\6509_0.jpg,1
C:/Users/Sourabh Dhiman/OneDrive/Desktop/DeepFake_DetectionAPP/mixed_dataset/real\6509_0.resaved.jpg,1
C:/Users/Sourabh Dhiman/OneDrive/Desktop/DeepFake_DetectionAPP/mixed_dataset/real\6510_0.jpg,1
C:/Users/Sourabh Dhiman/OneDrive/Desktop/DeepFake_DetectionAPP/mixed_dataset/real\6510_0.resaved.jpg,1
C:/Users/Sourabh Dhiman/OneDrive/Desktop/DeepFake_DetectionAPP/mixed_dataset/real\6511_0.jpg,1
C:/Users/Sourabh Dhiman/OneDrive/Desktop/DeepFake_DetectionAPP/mixed_dataset/real\6511_0.resaved.jpg,1
C:/Users/Sourabh Dhiman/OneDrive/Desktop/DeepFake_DetectionAPP/mixed_dataset/real\6512_0.jpg,1
C:/Users/Sourabh Dhiman/OneDrive/Desktop/DeepFake_DetectionAPP/mixed_dataset/real\6512_0.resaved.jpg,1
C:/Users/Sourabh Dhiman/OneDrive/Desktop/DeepFake_DetectionAPP/mixed_dataset/real\6514_0.jpg,1
C:/Users/Sourabh Dhiman/OneDrive/Desktop/DeepFake_DetectionAPP/mixed_dataset/real\6514_0.resaved.jpg,1
C:/Users/Sourabh Dhiman/OneDrive/Desktop/DeepFake_DetectionAPP/mixed_dataset/real\6516_0.jpg,1
C:/Users/Sourabh Dhiman/OneDrive/Desktop/DeepFake_DetectionAPP/mixed_dataset/real\6516_0.resaved.jpg,1
C:/Users/Sourabh Dhiman/OneDrive/Desktop/DeepFake_DetectionAPP/mixed_dataset/real\6517_0.jpg,1
C:/Users/Sourabh Dhiman/OneDrive/Desktop/DeepFake_DetectionAPP/mixed_dataset/real\6517_0.resaved.jpg,1
C:/Users/Sourabh Dhiman/OneDrive/Desktop/DeepFake_DetectionAPP/mixed_dataset/real\6518_0.jpg,1
C:/Users/Sourabh Dhiman/OneDrive/Desktop/DeepFake_DetectionAPP/mixed_dataset/real\6518_0.resaved.jpg,1
C:/Users/Sourabh Dhiman/OneDrive/Desktop/DeepFake_DetectionAPP/mixed_dataset/real\6519_0.jpg,1
C:/Users/Sourabh Dhiman/OneDrive/Desktop/DeepFake_DetectionAPP/mixed_dataset/real\6519_0.resaved.jpg,1
C:/Users/Sourabh Dhiman/OneDrive/Desktop/DeepFake_DetectionAPP/mixed_dataset/real\6520_0.jpg,1
C:/Users/Sourabh Dhiman/OneDrive/Desktop/DeepFake_DetectionAPP/mixed_dataset/real\6520_0.resaved.jpg,1
C:/Users/Sourabh Dhiman/OneDrive/Desktop/DeepFake_DetectionAPP/mixed_dataset/real\6521_0.jpg,1
C:/Users/Sourabh Dhiman/OneDrive/Desktop/DeepFake_DetectionAPP/mixed_dataset/real\6521_0.resaved.jpg,1
C:/Users/Sourabh Dhiman/OneDrive/Desktop/DeepFake_DetectionAPP/mixed_dataset/real\6522_0.jpg,1
C:/Users/Sourabh Dhiman/OneDrive/Desktop/DeepFake_DetectionAPP/mixed_dataset/real\6522_0.resaved.jpg,1
C:/Users/Sourabh Dhiman/OneDrive/Desktop/DeepFake_DetectionAPP/mixed_dataset/real\6523_0.jpg,1
C:/Users/Sourabh Dhiman/OneDrive/Desktop/DeepFake_DetectionAPP/mixed_dataset/real\6523_0.resaved.jpg,1
C:/Users/Sourabh Dhiman/OneDrive/Desktop/DeepFake_DetectionAPP/mixed_dataset/real\6524_0.jpg,1
C:/Users/Sourabh Dhiman/OneDrive/Desktop/DeepFake_DetectionAPP/mixed_dataset/real\6524_0.resaved.jpg,1
C:/Users/Sourabh Dhiman/OneDrive/Desktop/DeepFake_DetectionAPP/mixed_dataset/real\6525_0.jpg,1
C:/Users/Sourabh Dhiman/OneDrive/Desktop/DeepFake_DetectionAPP/mixed_dataset/real\6525_0.resaved.jpg,1
C:/Users/Sourabh Dhiman/OneDrive/Desktop/DeepFake_DetectionAPP/mixed_dataset/real\6526_0.jpg,1
C:/Users/Sourabh Dhiman/OneDrive/Desktop/DeepFake_DetectionAPP/mixed_dataset/real\6526_0.resaved.jpg,1
C:/Users/Sourabh Dhiman/OneDrive/Desktop/DeepFake_DetectionAPP/mixed_dataset/real\6527_0.jpg,1
C:/Users/Sourabh Dhiman/OneDrive/Desktop/DeepFake_DetectionAPP/mixed_dataset/real\6527_0.resaved.jpg,1
C:/Users/Sourabh Dhiman/OneDrive/Desktop/DeepFake_DetectionAPP/mixed_dataset/real\6528_0.jpg,1
C:/Users/Sourabh Dhiman/OneDrive/Desktop/DeepFake_DetectionAPP/mixed_dataset/real\6528_0.resaved.jpg,1
C:/Users/Sourabh Dhiman/OneDrive/Desktop/DeepFake_DetectionAPP/mixed_dataset/real\6529_0.jpg,1
C:/Users/Sourabh Dhiman/OneDrive/Desktop/DeepFake_DetectionAPP/mixed_dataset/real\6529_0.resaved.jpg,1
C:/Users/Sourabh Dhiman/OneDrive/Desktop/DeepFake_DetectionAPP/mixed_dataset/real\6530_0.jpg,1
C:/Users/Sourabh Dhiman/OneDrive/Desktop/DeepFake_DetectionAPP/mixed_dataset/real\6530_0.resaved.jpg,1
C:/Users/Sourabh Dhiman/OneDrive/Desktop/DeepFake_DetectionAPP/mixed_dataset/real\6531_0.jpg,1
C:/Users/Sourabh Dhiman/OneDrive/Desktop/DeepFake_DetectionAPP/mixed_dataset/real\6531_0.resaved.jpg,1
C:/Users/Sourabh Dhiman/OneDrive/Desktop/DeepFake_DetectionAPP/mixed_dataset/real\6532_0.jpg,1
C:/Users/Sourabh Dhiman/OneDrive/Desktop/DeepFake_DetectionAPP/mixed_dataset/real\6532_0.resaved.jpg,1
C:/Users/Sourabh Dhiman/OneDrive/Desktop/DeepFake_DetectionAPP/mixed_dataset/real\6533_0.jpg,1
C:/Users/Sourabh Dhiman/OneDrive/Desktop/DeepFake_DetectionAPP/mixed_dataset/real\6533_0.resaved.jpg,1
C:/Users/Sourabh Dhiman/OneDrive/Desktop/DeepFake_DetectionAPP/mixed_dataset/real\6534_0.jpg,1
C:/Users/Sourabh Dhiman/OneDrive/Desktop/DeepFake_DetectionAPP/mixed_dataset/real\6534_0.resaved.jpg,1
C:/Users/Sourabh Dhiman/OneDrive/Desktop/DeepFake_DetectionAPP/mixed_dataset/real\6535_0.jpg,1
C:/Users/Sourabh Dhiman/OneDrive/Desktop/DeepFake_DetectionAPP/mixed_dataset/real\6535_0.resaved.jpg,1
C:/Users/Sourabh Dhiman/OneDrive/Desktop/DeepFake_DetectionAPP/mixed_dataset/real\6536_0.jpg,1
C:/Users/Sourabh Dhiman/OneDrive/Desktop/DeepFake_DetectionAPP/mixed_dataset/real\6536_0.resaved.jpg,1
C:/Users/Sourabh Dhiman/OneDrive/Desktop/DeepFake_DetectionAPP/mixed_dataset/real\6537_0.jpg,1
C:/Users/Sourabh Dhiman/OneDrive/Desktop/DeepFake_DetectionAPP/mixed_dataset/real\6537_0.resaved.jpg,1
C:/Users/Sourabh Dhiman/OneDrive/Desktop/DeepFake_DetectionAPP/mixed_dataset/real\6538_0.jpg,1
C:/Users/Sourabh Dhiman/OneDrive/Desktop/DeepFake_DetectionAPP/mixed_dataset/real\6538_0.resaved.jpg,1
C:/Users/Sourabh Dhiman/OneDrive/Desktop/DeepFake_DetectionAPP/mixed_dataset/real\6539_0.jpg,1
C:/Users/Sourabh Dhiman/OneDrive/Desktop/DeepFake_DetectionAPP/mixed_dataset/real\6539_0.resaved.jpg,1
C:/Users/Sourabh Dhiman/OneDrive/Desktop/DeepFake_DetectionAPP/mixed_dataset/real\6540_0.jpg,1
C:/Users/Sourabh Dhiman/OneDrive/Desktop/DeepFake_DetectionAPP/mixed_dataset/real\6540_0.resaved.jpg,1
C:/Users/Sourabh Dhiman/OneDrive/Desktop/DeepFake_DetectionAPP/mixed_dataset/real\6541_0.jpg,1
C:/Users/Sourabh Dhiman/OneDrive/Desktop/DeepFake_DetectionAPP/mixed_dataset/real\6541_0.resaved.jpg,1
C:/Users/Sourabh Dhiman/OneDrive/Desktop/DeepFake_DetectionAPP/mixed_dataset/real\6542_0.jpg,1
C:/Users/Sourabh Dhiman/OneDrive/Desktop/DeepFake_DetectionAPP/mixed_dataset/real\6542_0.resaved.jpg,1
C:/Users/Sourabh Dhiman/OneDrive/Desktop/DeepFake_DetectionAPP/mixed_dataset/real\6543_0.jpg,1
C:/Users/Sourabh Dhiman/OneDrive/Desktop/DeepFake_DetectionAPP/mixed_dataset/real\6543_0.resaved.jpg,1
C:/Users/Sourabh Dhiman/OneDrive/Desktop/DeepFake_DetectionAPP/mixed_dataset/real\6544_0.jpg,1
C:/Users/Sourabh Dhiman/OneDrive/Desktop/DeepFake_DetectionAPP/mixed_dataset/real\6544_0.resaved.jpg,1
C:/Users/Sourabh Dhiman/OneDrive/Desktop/DeepFake_DetectionAPP/mixed_dataset/real\6545_0.jpg,1
C:/Users/Sourabh Dhiman/OneDrive/Desktop/DeepFake_DetectionAPP/mixed_dataset/real\6545_0.resaved.jpg,1
C:/Users/Sourabh Dhiman/OneDrive/Desktop/DeepFake_DetectionAPP/mixed_dataset/real\6546_0.jpg,1
C:/Users/Sourabh Dhiman/OneDrive/Desktop/DeepFake_DetectionAPP/mixed_dataset/real\6546_0.resaved.jpg,1
C:/Users/Sourabh Dhiman/OneDrive/Desktop/DeepFake_DetectionAPP/mixed_dataset/real\6547_0.jpg,1
C:/Users/Sourabh Dhiman/OneDrive/Desktop/DeepFake_DetectionAPP/mixed_dataset/real\6547_0.resaved.jpg,1
C:/Users/Sourabh Dhiman/OneDrive/Desktop/DeepFake_DetectionAPP/mixed_dataset/real\6548_0.jpg,1
C:/Users/Sourabh Dhiman/OneDrive/Desktop/DeepFake_DetectionAPP/mixed_dataset/real\6548_0.resaved.jpg,1
C:/Users/Sourabh Dhiman/OneDrive/Desktop/DeepFake_DetectionAPP/mixed_dataset/real\6549_0.jpg,1
C:/Users/Sourabh Dhiman/OneDrive/Desktop/DeepFake_DetectionAPP/mixed_dataset/real\6549_0.resaved.jpg,1
C:/Users/Sourabh Dhiman/OneDrive/Desktop/DeepFake_DetectionAPP/mixed_dataset/real\6550_0.jpg,1
C:/Users/Sourabh Dhiman/OneDrive/Desktop/DeepFake_DetectionAPP/mixed_dataset/real\6550_0.resaved.jpg,1
C:/Users/Sourabh Dhiman/OneDrive/Desktop/DeepFake_DetectionAPP/mixed_dataset/real\6551_0.jpg,1
C:/Users/Sourabh Dhiman/OneDrive/Desktop/DeepFake_DetectionAPP/mixed_dataset/real\6551_0.resaved.jpg,1
C:/Users/Sourabh Dhiman/OneDrive/Desktop/DeepFake_DetectionAPP/mixed_dataset/real\6552_0.jpg,1
C:/Users/Sourabh Dhiman/OneDrive/Desktop/DeepFake_DetectionAPP/mixed_dataset/real\6552_0.resaved.jpg,1
C:/Users/Sourabh Dhiman/OneDrive/Desktop/DeepFake_DetectionAPP/mixed_dataset/real\6553_0.jpg,1
C:/Users/Sourabh Dhiman/OneDrive/Desktop/DeepFake_DetectionAPP/mixed_dataset/real\6553_0.resaved.jpg,1
C:/Users/Sourabh Dhiman/OneDrive/Desktop/DeepFake_DetectionAPP/mixed_dataset/real\6554_0.jpg,1
C:/Users/Sourabh Dhiman/OneDrive/Desktop/DeepFake_DetectionAPP/mixed_dataset/real\6554_0.resaved.jpg,1
C:/Users/Sourabh Dhiman/OneDrive/Desktop/DeepFake_DetectionAPP/mixed_dataset/real\6555_0.jpg,1
C:/Users/Sourabh Dhiman/OneDrive/Desktop/DeepFake_DetectionAPP/mixed_dataset/real\6555_0.resaved.jpg,1
C:/Users/Sourabh Dhiman/OneDrive/Desktop/DeepFake_DetectionAPP/mixed_dataset/real\6556_0.jpg,1
C:/Users/Sourabh Dhiman/OneDrive/Desktop/DeepFake_DetectionAPP/mixed_dataset/real\6556_0.resaved.jpg,1
C:/Users/Sourabh Dhiman/OneDrive/Desktop/DeepFake_DetectionAPP/mixed_dataset/real\6557_0.jpg,1
C:/Users/Sourabh Dhiman/OneDrive/Desktop/DeepFake_DetectionAPP/mixed_dataset/real\6557_0.resaved.jpg,1
C:/Users/Sourabh Dhiman/OneDrive/Desktop/DeepFake_DetectionAPP/mixed_dataset/real\6558_0.jpg,1
C:/Users/Sourabh Dhiman/OneDrive/Desktop/DeepFake_DetectionAPP/mixed_dataset/real\6558_0.resaved.jpg,1
C:/Users/Sourabh Dhiman/OneDrive/Desktop/DeepFake_DetectionAPP/mixed_dataset/real\6559_0.jpg,1
C:/Users/Sourabh Dhiman/OneDrive/Desktop/DeepFake_DetectionAPP/mixed_dataset/real\6559_0.resaved.jpg,1
C:/Users/Sourabh Dhiman/OneDrive/Desktop/DeepFake_DetectionAPP/mixed_dataset/real\6560_0.jpg,1
C:/Users/Sourabh Dhiman/OneDrive/Desktop/DeepFake_DetectionAPP/mixed_dataset/real\6560_0.resaved.jpg,1
C:/Users/Sourabh Dhiman/OneDrive/Desktop/DeepFake_DetectionAPP/mixed_dataset/real\6561_0.jpg,1
C:/Users/Sourabh Dhiman/OneDrive/Desktop/DeepFake_DetectionAPP/mixed_dataset/real\6561_0.resaved.jpg,1
C:/Users/Sourabh Dhiman/OneDrive/Desktop/DeepFake_DetectionAPP/mixed_dataset/real\6562_0.jpg,1
C:/Users/Sourabh Dhiman/OneDrive/Desktop/DeepFake_DetectionAPP/mixed_dataset/real\6562_0.resaved.jpg,1
C:/Users/Sourabh Dhiman/OneDrive/Desktop/DeepFake_DetectionAPP/mixed_dataset/real\6563_0.jpg,1
C:/Users/Sourabh Dhiman/OneDrive/Desktop/DeepFake_DetectionAPP/mixed_dataset/real\6563_0.resaved.jpg,1
C:/Users/Sourabh Dhiman/OneDrive/Desktop/DeepFake_DetectionAPP/mixed_dataset/real\6564_0.jpg,1
C:/Users/Sourabh Dhiman/OneDrive/Desktop/DeepFake_DetectionAPP/mixed_dataset/real\6564_0.resaved.jpg,1
C:/Users/Sourabh Dhiman/OneDrive/Desktop/DeepFake_DetectionAPP/mixed_dataset/real\6565_0.jpg,1
C:/Users/Sourabh Dhiman/OneDrive/Desktop/DeepFake_DetectionAPP/mixed_dataset/real\6565_0.resaved.jpg,1
C:/Users/Sourabh Dhiman/OneDrive/Desktop/DeepFake_DetectionAPP/mixed_dataset/real\6566_0.jpg,1
C:/Users/Sourabh Dhiman/OneDrive/Desktop/DeepFake_DetectionAPP/mixed_dataset/real\6566_0.resaved.jpg,1
C:/Users/Sourabh Dhiman/OneDrive/Desktop/DeepFake_DetectionAPP/mixed_dataset/real\6567_0.jpg,1
C:/Users/Sourabh Dhiman/OneDrive/Desktop/DeepFake_DetectionAPP/mixed_dataset/real\6567_0.resaved.jpg,1
C:/Users/Sourabh Dhiman/OneDrive/Desktop/DeepFake_DetectionAPP/mixed_dataset/real\6568_0.jpg,1
C:/Users/Sourabh Dhiman/OneDrive/Desktop/DeepFake_DetectionAPP/mixed_dataset/real\6568_0.resaved.jpg,1
C:/Users/Sourabh Dhiman/OneDrive/Desktop/DeepFake_DetectionAPP/mixed_dataset/real\6569_0.jpg,1
C:/Users/Sourabh Dhiman/OneDrive/Desktop/DeepFake_DetectionAPP/mixed_dataset/real\6569_0.resaved.jpg,1
C:/Users/Sourabh Dhiman/OneDrive/Desktop/DeepFake_DetectionAPP/mixed_dataset/real\6570_0.jpg,1
C:/Users/Sourabh Dhiman/OneDrive/Desktop/DeepFake_DetectionAPP/mixed_dataset/real\6570_0.resaved.jpg,1
C:/Users/Sourabh Dhiman/OneDrive/Desktop/DeepFake_DetectionAPP/mixed_dataset/real\6571_0.jpg,1
C:/Users/Sourabh Dhiman/OneDrive/Desktop/DeepFake_DetectionAPP/mixed_dataset/real\6571_0.resaved.jpg,1
C:/Users/Sourabh Dhiman/OneDrive/Desktop/DeepFake_DetectionAPP/mixed_dataset/real\6572_0.jpg,1
C:/Users/Sourabh Dhiman/OneDrive/Desktop/DeepFake_DetectionAPP/mixed_dataset/real\6572_0.resaved.jpg,1
C:/Users/Sourabh Dhiman/OneDrive/Desktop/DeepFake_DetectionAPP/mixed_dataset/real\6573_0.jpg,1
C:/Users/Sourabh Dhiman/OneDrive/Desktop/DeepFake_DetectionAPP/mixed_dataset/real\6573_0.resaved.jpg,1
C:/Users/Sourabh Dhiman/OneDrive/Desktop/DeepFake_DetectionAPP/mixed_dataset/real\6574_0.jpg,1
C:/Users/Sourabh Dhiman/OneDrive/Desktop/DeepFake_DetectionAPP/mixed_dataset/real\6574_0.resaved.jpg,1
C:/Users/Sourabh Dhiman/OneDrive/Desktop/DeepFake_DetectionAPP/mixed_dataset/real\6575_0.jpg,1
C:/Users/Sourabh Dhiman/OneDrive/Desktop/DeepFake_DetectionAPP/mixed_dataset/real\6575_0.resaved.jpg,1
C:/Users/Sourabh Dhiman/OneDrive/Desktop/DeepFake_DetectionAPP/mixed_dataset/real\6576_0.jpg,1
C:/Users/Sourabh Dhiman/OneDrive/Desktop/DeepFake_DetectionAPP/mixed_dataset/real\6576_0.resaved.jpg,1
C:/Users/Sourabh Dhiman/OneDrive/Desktop/DeepFake_DetectionAPP/mixed_dataset/real\6577_0.jpg,1
C:/Users/Sourabh Dhiman/OneDrive/Desktop/DeepFake_DetectionAPP/mixed_dataset/real\6577_0.resaved.jpg,1
C:/Users/Sourabh Dhiman/OneDrive/Desktop/DeepFake_DetectionAPP/mixed_dataset/real\6578_0.jpg,1
C:/Users/Sourabh Dhiman/OneDrive/Desktop/DeepFake_DetectionAPP/mixed_dataset/real\6578_0.resaved.jpg,1
C:/Users/Sourabh Dhiman/OneDrive/Desktop/DeepFake_DetectionAPP/mixed_dataset/real\6579_0.jpg,1
C:/Users/Sourabh Dhiman/OneDrive/Desktop/DeepFake_DetectionAPP/mixed_dataset/real\6579_0.resaved.jpg,1
C:/Users/Sourabh Dhiman/OneDrive/Desktop/DeepFake_DetectionAPP/mixed_dataset/real\6580_0.jpg,1
C:/Users/Sourabh Dhiman/OneDrive/Desktop/DeepFake_DetectionAPP/mixed_dataset/real\6580_0.resaved.jpg,1
C:/Users/Sourabh Dhiman/OneDrive/Desktop/DeepFake_DetectionAPP/mixed_dataset/real\6581_0.jpg,1
C:/Users/Sourabh Dhiman/OneDrive/Desktop/DeepFake_DetectionAPP/mixed_dataset/real\6581_0.resaved.jpg,1
C:/Users/Sourabh Dhiman/OneDrive/Desktop/DeepFake_DetectionAPP/mixed_dataset/real\6582_0.jpg,1
C:/Users/Sourabh Dhiman/OneDrive/Desktop/DeepFake_DetectionAPP/mixed_dataset/real\6582_0.resaved.jpg,1
C:/Users/Sourabh Dhiman/OneDrive/Desktop/DeepFake_DetectionAPP/mixed_dataset/real\6583_0.jpg,1
C:/Users/Sourabh Dhiman/OneDrive/Desktop/DeepFake_DetectionAPP/mixed_dataset/real\6583_0.resaved.jpg,1
C:/Users/Sourabh Dhiman/OneDrive/Desktop/DeepFake_DetectionAPP/mixed_dataset/real\6584_0.jpg,1
C:/Users/Sourabh Dhiman/OneDrive/Desktop/DeepFake_DetectionAPP/mixed_dataset/real\6584_0.resaved.jpg,1
C:/Users/Sourabh Dhiman/OneDrive/Desktop/DeepFake_DetectionAPP/mixed_dataset/real\6585_0.jpg,1
C:/Users/Sourabh Dhiman/OneDrive/Desktop/DeepFake_DetectionAPP/mixed_dataset/real\6585_0.resaved.jpg,1
C:/Users/Sourabh Dhiman/OneDrive/Desktop/DeepFake_DetectionAPP/mixed_dataset/real\6586_0.jpg,1
C:/Users/Sourabh Dhiman/OneDrive/Desktop/DeepFake_DetectionAPP/mixed_dataset/real\6586_0.resaved.jpg,1
C:/Users/Sourabh Dhiman/OneDrive/Desktop/DeepFake_DetectionAPP/mixed_dataset/real\6587_0.jpg,1
C:/Users/Sourabh Dhiman/OneDrive/Desktop/DeepFake_DetectionAPP/mixed_dataset/real\6587_0.resaved.jpg,1
C:/Users/Sourabh Dhiman/OneDrive/Desktop/DeepFake_DetectionAPP/mixed_dataset/real\6588_0.jpg,1
C:/Users/Sourabh Dhiman/OneDrive/Desktop/DeepFake_DetectionAPP/mixed_dataset/real\6588_0.resaved.jpg,1
C:/Users/Sourabh Dhiman/OneDrive/Desktop/DeepFake_DetectionAPP/mixed_dataset/real\6589_0.jpg,1
C:/Users/Sourabh Dhiman/OneDrive/Desktop/DeepFake_DetectionAPP/mixed_dataset/real\6589_0.resaved.jpg,1
C:/Users/Sourabh Dhiman/OneDrive/Desktop/DeepFake_DetectionAPP/mixed_dataset/real\6590_0.jpg,1
C:/Users/Sourabh Dhiman/OneDrive/Desktop/DeepFake_DetectionAPP/mixed_dataset/real\6590_0.resaved.jpg,1
C:/Users/Sourabh Dhiman/OneDrive/Desktop/DeepFake_DetectionAPP/mixed_dataset/real\6591_0.jpg,1
C:/Users/Sourabh Dhiman/OneDrive/Desktop/DeepFake_DetectionAPP/mixed_dataset/real\6591_0.resaved.jpg,1
C:/Users/Sourabh Dhiman/OneDrive/Desktop/DeepFake_DetectionAPP/mixed_dataset/real\6592_0.jpg,1
C:/Users/Sourabh Dhiman/OneDrive/Desktop/DeepFake_DetectionAPP/mixed_dataset/real\6592_0.resaved.jpg,1
C:/Users/Sourabh Dhiman/OneDrive/Desktop/DeepFake_DetectionAPP/mixed_dataset/real\6593_0.jpg,1
C:/Users/Sourabh Dhiman/OneDrive/Desktop/DeepFake_DetectionAPP/mixed_dataset/real\6593_0.resaved.jpg,1
C:/Users/Sourabh Dhiman/OneDrive/Desktop/DeepFake_DetectionAPP/mixed_dataset/real\6594_0.jpg,1
C:/Users/Sourabh Dhiman/OneDrive/Desktop/DeepFake_DetectionAPP/mixed_dataset/real\6594_0.resaved.jpg,1
C:/Users/Sourabh Dhiman/OneDrive/Desktop/DeepFake_DetectionAPP/mixed_dataset/real\6595_0.jpg,1
C:/Users/Sourabh Dhiman/OneDrive/Desktop/DeepFake_DetectionAPP/mixed_dataset/real\6595_0.resaved.jpg,1
C:/Users/Sourabh Dhiman/OneDrive/Desktop/DeepFake_DetectionAPP/mixed_dataset/real\6596_0.jpg,1
C:/Users/Sourabh Dhiman/OneDrive/Desktop/DeepFake_DetectionAPP/mixed_dataset/real\6596_0.resaved.jpg,1
C:/Users/Sourabh Dhiman/OneDrive/Desktop/DeepFake_DetectionAPP/mixed_dataset/real\6597_0.jpg,1
C:/Users/Sourabh Dhiman/OneDrive/Desktop/DeepFake_DetectionAPP/mixed_dataset/real\6597_0.resaved.jpg,1
C:/Users/Sourabh Dhiman/OneDrive/Desktop/DeepFake_DetectionAPP/mixed_dataset/real\6598_0.jpg,1
C:/Users/Sourabh Dhiman/OneDrive/Desktop/DeepFake_DetectionAPP/mixed_dataset/real\6598_0.resaved.jpg,1
C:/Users/Sourabh Dhiman/OneDrive/Desktop/DeepFake_DetectionAPP/mixed_dataset/real\6599_0.jpg,1
C:/Users/Sourabh Dhiman/OneDrive/Desktop/DeepFake_DetectionAPP/mixed_dataset/real\6599_0.resaved.jpg,1
C:/Users/Sourabh Dhiman/OneDrive/Desktop/DeepFake_DetectionAPP/mixed_dataset/real\6600_0.jpg,1
C:/Users/Sourabh Dhiman/OneDrive/Desktop/DeepFake_DetectionAPP/mixed_dataset/real\6600_0.resaved.jpg,1
C:/Users/Sourabh Dhiman/OneDrive/Desktop/DeepFake_DetectionAPP/mixed_dataset/real\6601_0.jpg,1
C:/Users/Sourabh Dhiman/OneDrive/Desktop/DeepFake_DetectionAPP/mixed_dataset/real\6601_0.resaved.jpg,1
C:/Users/Sourabh Dhiman/OneDrive/Desktop/DeepFake_DetectionAPP/mixed_dataset/real\6602_0.jpg,1
C:/Users/Sourabh Dhiman/OneDrive/Desktop/DeepFake_DetectionAPP/mixed_dataset/real\6602_0.resaved.jpg,1
C:/Users/Sourabh Dhiman/OneDrive/Desktop/DeepFake_DetectionAPP/mixed_dataset/real\6603_0.jpg,1
C:/Users/Sourabh Dhiman/OneDrive/Desktop/DeepFake_DetectionAPP/mixed_dataset/real\6603_0.resaved.jpg,1
C:/Users/Sourabh Dhiman/OneDrive/Desktop/DeepFake_DetectionAPP/mixed_dataset/real\6604_0.jpg,1
C:/Users/Sourabh Dhiman/OneDrive/Desktop/DeepFake_DetectionAPP/mixed_dataset/real\6604_0.resaved.jpg,1
C:/Users/Sourabh Dhiman/OneDrive/Desktop/DeepFake_DetectionAPP/mixed_dataset/real\6605_0.jpg,1
C:/Users/Sourabh Dhiman/OneDrive/Desktop/DeepFake_DetectionAPP/mixed_dataset/real\6605_0.resaved.jpg,1
C:/Users/Sourabh Dhiman/OneDrive/Desktop/DeepFake_DetectionAPP/mixed_dataset/real\6606_0.jpg,1
C:/Users/Sourabh Dhiman/OneDrive/Desktop/DeepFake_DetectionAPP/mixed_dataset/real\6606_0.resaved.jpg,1
C:/Users/Sourabh Dhiman/OneDrive/Desktop/DeepFake_DetectionAPP/mixed_dataset/real\6607_0.jpg,1
C:/Users/Sourabh Dhiman/OneDrive/Desktop/DeepFake_DetectionAPP/mixed_dataset/real\6607_0.resaved.jpg,1
C:/Users/Sourabh Dhiman/OneDrive/Desktop/DeepFake_DetectionAPP/mixed_dataset/real\6608_0.jpg,1
C:/Users/Sourabh Dhiman/OneDrive/Desktop/DeepFake_DetectionAPP/mixed_dataset/real\6608_0.resaved.jpg,1
C:/Users/Sourabh Dhiman/OneDrive/Desktop/DeepFake_DetectionAPP/mixed_dataset/real\6609_0.jpg,1
C:/Users/Sourabh Dhiman/OneDrive/Desktop/DeepFake_DetectionAPP/mixed_dataset/real\6609_0.resaved.jpg,1
C:/Users/Sourabh Dhiman/OneDrive/Desktop/DeepFake_DetectionAPP/mixed_dataset/real\6610_0.jpg,1
C:/Users/Sourabh Dhiman/OneDrive/Desktop/DeepFake_DetectionAPP/mixed_dataset/real\6610_0.resaved.jpg,1
C:/Users/Sourabh Dhiman/OneDrive/Desktop/DeepFake_DetectionAPP/mixed_dataset/real\6611_0.jpg,1
C:/Users/Sourabh Dhiman/OneDrive/Desktop/DeepFake_DetectionAPP/mixed_dataset/real\6611_0.resaved.jpg,1
C:/Users/Sourabh Dhiman/OneDrive/Desktop/DeepFake_DetectionAPP/mixed_dataset/real\6612_0.jpg,1
C:/Users/Sourabh Dhiman/OneDrive/Desktop/DeepFake_DetectionAPP/mixed_dataset/real\6612_0.resaved.jpg,1
C:/Users/Sourabh Dhiman/OneDrive/Desktop/DeepFake_DetectionAPP/mixed_dataset/real\6613_0.jpg,1
C:/Users/Sourabh Dhiman/OneDrive/Desktop/DeepFake_DetectionAPP/mixed_dataset/real\6613_0.resaved.jpg,1
C:/Users/Sourabh Dhiman/OneDrive/Desktop/DeepFake_DetectionAPP/mixed_dataset/real\6614_0.jpg,1
C:/Users/Sourabh Dhiman/OneDrive/Desktop/DeepFake_DetectionAPP/mixed_dataset/real\6614_0.resaved.jpg,1
C:/Users/Sourabh Dhiman/OneDrive/Desktop/DeepFake_DetectionAPP/mixed_dataset/real\6615_0.jpg,1
C:/Users/Sourabh Dhiman/OneDrive/Desktop/DeepFake_DetectionAPP/mixed_dataset/real\6615_0.resaved.jpg,1
C:/Users/Sourabh Dhiman/OneDrive/Desktop/DeepFake_DetectionAPP/mixed_dataset/real\6616_0.jpg,1
C:/Users/Sourabh Dhiman/OneDrive/Desktop/DeepFake_DetectionAPP/mixed_dataset/real\6616_0.resaved.jpg,1
C:/Users/Sourabh Dhiman/OneDrive/Desktop/DeepFake_DetectionAPP/mixed_dataset/real\6617_0.jpg,1
C:/Users/Sourabh Dhiman/OneDrive/Desktop/DeepFake_DetectionAPP/mixed_dataset/real\6617_0.resaved.jpg,1
C:/Users/Sourabh Dhiman/OneDrive/Desktop/DeepFake_DetectionAPP/mixed_dataset/real\6618_0.jpg,1
C:/Users/Sourabh Dhiman/OneDrive/Desktop/DeepFake_DetectionAPP/mixed_dataset/real\6618_0.resaved.jpg,1
C:/Users/Sourabh Dhiman/OneDrive/Desktop/DeepFake_DetectionAPP/mixed_dataset/real\6619_0.jpg,1
C:/Users/Sourabh Dhiman/OneDrive/Desktop/DeepFake_DetectionAPP/mixed_dataset/real\6619_0.resaved.jpg,1
C:/Users/Sourabh Dhiman/OneDrive/Desktop/DeepFake_DetectionAPP/mixed_dataset/real\6620_0.jpg,1
C:/Users/Sourabh Dhiman/OneDrive/Desktop/DeepFake_DetectionAPP/mixed_dataset/real\6620_0.resaved.jpg,1
C:/Users/Sourabh Dhiman/OneDrive/Desktop/DeepFake_DetectionAPP/mixed_dataset/real\6621_0.jpg,1
C:/Users/Sourabh Dhiman/OneDrive/Desktop/DeepFake_DetectionAPP/mixed_dataset/real\6621_0.resaved.jpg,1
C:/Users/Sourabh Dhiman/OneDrive/Desktop/DeepFake_DetectionAPP/mixed_dataset/real\6622_0.jpg,1
C:/Users/Sourabh Dhiman/OneDrive/Desktop/DeepFake_DetectionAPP/mixed_dataset/real\6622_0.resaved.jpg,1
C:/Users/Sourabh Dhiman/OneDrive/Desktop/DeepFake_DetectionAPP/mixed_dataset/real\6623_0.jpg,1
C:/Users/Sourabh Dhiman/OneDrive/Desktop/DeepFake_DetectionAPP/mixed_dataset/real\6623_0.resaved.jpg,1
C:/Users/Sourabh Dhiman/OneDrive/Desktop/DeepFake_DetectionAPP/mixed_dataset/real\6624_0.jpg,1
C:/Users/Sourabh Dhiman/OneDrive/Desktop/DeepFake_DetectionAPP/mixed_dataset/real\6624_0.resaved.jpg,1
C:/Users/Sourabh Dhiman/OneDrive/Desktop/DeepFake_DetectionAPP/mixed_dataset/real\6625_0.jpg,1
C:/Users/Sourabh Dhiman/OneDrive/Desktop/DeepFake_DetectionAPP/mixed_dataset/real\6625_0.resaved.jpg,1
C:/Users/Sourabh Dhiman/OneDrive/Desktop/DeepFake_DetectionAPP/mixed_dataset/real\6626_0.jpg,1
C:/Users/Sourabh Dhiman/OneDrive/Desktop/DeepFake_DetectionAPP/mixed_dataset/real\6626_0.resaved.jpg,1
C:/Users/Sourabh Dhiman/OneDrive/Desktop/DeepFake_DetectionAPP/mixed_dataset/real\6627_0.jpg,1
C:/Users/Sourabh Dhiman/OneDrive/Desktop/DeepFake_DetectionAPP/mixed_dataset/real\6627_0.resaved.jpg,1
C:/Users/Sourabh Dhiman/OneDrive/Desktop/DeepFake_DetectionAPP/mixed_dataset/real\6628_0.jpg,1
C:/Users/Sourabh Dhiman/OneDrive/Desktop/DeepFake_DetectionAPP/mixed_dataset/real\6628_0.resaved.jpg,1
C:/Users/Sourabh Dhiman/OneDrive/Desktop/DeepFake_DetectionAPP/mixed_dataset/real\6629_0.jpg,1
C:/Users/Sourabh Dhiman/OneDrive/Desktop/DeepFake_DetectionAPP/mixed_dataset/real\6629_0.resaved.jpg,1
C:/Users/Sourabh Dhiman/OneDrive/Desktop/DeepFake_DetectionAPP/mixed_dataset/real\6630_0.jpg,1
C:/Users/Sourabh Dhiman/OneDrive/Desktop/DeepFake_DetectionAPP/mixed_dataset/real\6630_0.resaved.jpg,1
C:/Users/Sourabh Dhiman/OneDrive/Desktop/DeepFake_DetectionAPP/mixed_dataset/real\6631_0.jpg,1
C:/Users/Sourabh Dhiman/OneDrive/Desktop/DeepFake_DetectionAPP/mixed_dataset/real\6631_0.resaved.jpg,1
C:/Users/Sourabh Dhiman/OneDrive/Desktop/DeepFake_DetectionAPP/mixed_dataset/real\6632_0.jpg,1
C:/Users/Sourabh Dhiman/OneDrive/Desktop/DeepFake_DetectionAPP/mixed_dataset/real\6632_0.resaved.jpg,1
C:/Users/Sourabh Dhiman/OneDrive/Desktop/DeepFake_DetectionAPP/mixed_dataset/real\6633_0.jpg,1
C:/Users/Sourabh Dhiman/OneDrive/Desktop/DeepFake_DetectionAPP/mixed_dataset/real\6633_0.resaved.jpg,1
C:/Users/Sourabh Dhiman/OneDrive/Desktop/DeepFake_DetectionAPP/mixed_dataset/real\6634_0.jpg,1
C:/Users/Sourabh Dhiman/OneDrive/Desktop/DeepFake_DetectionAPP/mixed_dataset/real\6634_0.resaved.jpg,1
C:/Users/Sourabh Dhiman/OneDrive/Desktop/DeepFake_DetectionAPP/mixed_dataset/real\6635_0.jpg,1
C:/Users/Sourabh Dhiman/OneDrive/Desktop/DeepFake_DetectionAPP/mixed_dataset/real\6635_0.resaved.jpg,1
C:/Users/Sourabh Dhiman/OneDrive/Desktop/DeepFake_DetectionAPP/mixed_dataset/real\6636_0.jpg,1
C:/Users/Sourabh Dhiman/OneDrive/Desktop/DeepFake_DetectionAPP/mixed_dataset/real\6636_0.resaved.jpg,1
C:/Users/Sourabh Dhiman/OneDrive/Desktop/DeepFake_DetectionAPP/mixed_dataset/real\6637_0.jpg,1
C:/Users/Sourabh Dhiman/OneDrive/Desktop/DeepFake_DetectionAPP/mixed_dataset/real\6637_0.resaved.jpg,1
C:/Users/Sourabh Dhiman/OneDrive/Desktop/DeepFake_DetectionAPP/mixed_dataset/real\6638_0.jpg,1
C:/Users/Sourabh Dhiman/OneDrive/Desktop/DeepFake_DetectionAPP/mixed_dataset/real\6638_0.resaved.jpg,1
C:/Users/Sourabh Dhiman/OneDrive/Desktop/DeepFake_DetectionAPP/mixed_dataset/real\6639_0.jpg,1
C:/Users/Sourabh Dhiman/OneDrive/Desktop/DeepFake_DetectionAPP/mixed_dataset/real\6639_0.resaved.jpg,1
C:/Users/Sourabh Dhiman/OneDrive/Desktop/DeepFake_DetectionAPP/mixed_dataset/real\6640_0.jpg,1
C:/Users/Sourabh Dhiman/OneDrive/Desktop/DeepFake_DetectionAPP/mixed_dataset/real\6640_0.resaved.jpg,1
C:/Users/Sourabh Dhiman/OneDrive/Desktop/DeepFake_DetectionAPP/mixed_dataset/real\6641_0.jpg,1
C:/Users/Sourabh Dhiman/OneDrive/Desktop/DeepFake_DetectionAPP/mixed_dataset/real\6641_0.resaved.jpg,1
C:/Users/Sourabh Dhiman/OneDrive/Desktop/DeepFake_DetectionAPP/mixed_dataset/real\6642_0.jpg,1
C:/Users/Sourabh Dhiman/OneDrive/Desktop/DeepFake_DetectionAPP/mixed_dataset/real\6642_0.resaved.jpg,1
C:/Users/Sourabh Dhiman/OneDrive/Desktop/DeepFake_DetectionAPP/mixed_dataset/real\6643_0.jpg,1
C:/Users/Sourabh Dhiman/OneDrive/Desktop/DeepFake_DetectionAPP/mixed_dataset/real\6643_0.resaved.jpg,1
C:/Users/Sourabh Dhiman/OneDrive/Desktop/DeepFake_DetectionAPP/mixed_dataset/real\6644_0.jpg,1
C:/Users/Sourabh Dhiman/OneDrive/Desktop/DeepFake_DetectionAPP/mixed_dataset/real\6644_0.resaved.jpg,1
C:/Users/Sourabh Dhiman/OneDrive/Desktop/DeepFake_DetectionAPP/mixed_dataset/real\6645_0.jpg,1
C:/Users/Sourabh Dhiman/OneDrive/Desktop/DeepFake_DetectionAPP/mixed_dataset/real\6645_0.resaved.jpg,1
C:/Users/Sourabh Dhiman/OneDrive/Desktop/DeepFake_DetectionAPP/mixed_dataset/real\6646_0.jpg,1
C:/Users/Sourabh Dhiman/OneDrive/Desktop/DeepFake_DetectionAPP/mixed_dataset/real\6646_0.resaved.jpg,1
C:/Users/Sourabh Dhiman/OneDrive/Desktop/DeepFake_DetectionAPP/mixed_dataset/real\6647_0.jpg,1
C:/Users/Sourabh Dhiman/OneDrive/Desktop/DeepFake_DetectionAPP/mixed_dataset/real\6647_0.resaved.jpg,1
C:/Users/Sourabh Dhiman/OneDrive/Desktop/DeepFake_DetectionAPP/mixed_dataset/real\6648_0.jpg,1
C:/Users/Sourabh Dhiman/OneDrive/Desktop/DeepFake_DetectionAPP/mixed_dataset/real\6648_0.resaved.jpg,1
C:/Users/Sourabh Dhiman/OneDrive/Desktop/DeepFake_DetectionAPP/mixed_dataset/real\6649_0.jpg,1
C:/Users/Sourabh Dhiman/OneDrive/Desktop/DeepFake_DetectionAPP/mixed_dataset/real\6649_0.resaved.jpg,1
C:/Users/Sourabh Dhiman/OneDrive/Desktop/DeepFake_DetectionAPP/mixed_dataset/real\6650_0.jpg,1
C:/Users/Sourabh Dhiman/OneDrive/Desktop/DeepFake_DetectionAPP/mixed_dataset/real\6650_0.resaved.jpg,1
C:/Users/Sourabh Dhiman/OneDrive/Desktop/DeepFake_DetectionAPP/mixed_dataset/real\6651_0.jpg,1
C:/Users/Sourabh Dhiman/OneDrive/Desktop/DeepFake_DetectionAPP/mixed_dataset/real\6651_0.resaved.jpg,1
C:/Users/Sourabh Dhiman/OneDrive/Desktop/DeepFake_DetectionAPP/mixed_dataset/real\6652_0.jpg,1
C:/Users/Sourabh Dhiman/OneDrive/Desktop/DeepFake_DetectionAPP/mixed_dataset/real\6652_0.resaved.jpg,1
C:/Users/Sourabh Dhiman/OneDrive/Desktop/DeepFake_DetectionAPP/mixed_dataset/real\6653_0.jpg,1
C:/Users/Sourabh Dhiman/OneDrive/Desktop/DeepFake_DetectionAPP/mixed_dataset/real\6653_0.resaved.jpg,1
C:/Users/Sourabh Dhiman/OneDrive/Desktop/DeepFake_DetectionAPP/mixed_dataset/real\6654_0.jpg,1
C:/Users/Sourabh Dhiman/OneDrive/Desktop/DeepFake_DetectionAPP/mixed_dataset/real\6654_0.resaved.jpg,1
C:/Users/Sourabh Dhiman/OneDrive/Desktop/DeepFake_DetectionAPP/mixed_dataset/real\6655_0.jpg,1
C:/Users/Sourabh Dhiman/OneDrive/Desktop/DeepFake_DetectionAPP/mixed_dataset/real\6655_0.resaved.jpg,1
C:/Users/Sourabh Dhiman/OneDrive/Desktop/DeepFake_DetectionAPP/mixed_dataset/real\6656_0.jpg,1
C:/Users/Sourabh Dhiman/OneDrive/Desktop/DeepFake_DetectionAPP/mixed_dataset/real\6656_0.resaved.jpg,1
C:/Users/Sourabh Dhiman/OneDrive/Desktop/DeepFake_DetectionAPP/mixed_dataset/real\6657_0.jpg,1
C:/Users/Sourabh Dhiman/OneDrive/Desktop/DeepFake_DetectionAPP/mixed_dataset/real\6657_0.resaved.jpg,1
C:/Users/Sourabh Dhiman/OneDrive/Desktop/DeepFake_DetectionAPP/mixed_dataset/real\6658_0.jpg,1
C:/Users/Sourabh Dhiman/OneDrive/Desktop/DeepFake_DetectionAPP/mixed_dataset/real\6658_0.resaved.jpg,1
C:/Users/Sourabh Dhiman/OneDrive/Desktop/DeepFake_DetectionAPP/mixed_dataset/real\6659_0.jpg,1
C:/Users/Sourabh Dhiman/OneDrive/Desktop/DeepFake_DetectionAPP/mixed_dataset/real\6659_0.resaved.jpg,1
C:/Users/Sourabh Dhiman/OneDrive/Desktop/DeepFake_DetectionAPP/mixed_dataset/real\6660_0.jpg,1
C:/Users/Sourabh Dhiman/OneDrive/Desktop/DeepFake_DetectionAPP/mixed_dataset/real\6660_0.resaved.jpg,1
C:/Users/Sourabh Dhiman/OneDrive/Desktop/DeepFake_DetectionAPP/mixed_dataset/real\6661_0.jpg,1
C:/Users/Sourabh Dhiman/OneDrive/Desktop/DeepFake_DetectionAPP/mixed_dataset/real\6661_0.resaved.jpg,1
C:/Users/Sourabh Dhiman/OneDrive/Desktop/DeepFake_DetectionAPP/mixed_dataset/real\6662_0.jpg,1
C:/Users/Sourabh Dhiman/OneDrive/Desktop/DeepFake_DetectionAPP/mixed_dataset/real\6662_0.resaved.jpg,1
C:/Users/Sourabh Dhiman/OneDrive/Desktop/DeepFake_DetectionAPP/mixed_dataset/real\6663_0.jpg,1
C:/Users/Sourabh Dhiman/OneDrive/Desktop/DeepFake_DetectionAPP/mixed_dataset/real\6663_0.resaved.jpg,1
C:/Users/Sourabh Dhiman/OneDrive/Desktop/DeepFake_DetectionAPP/mixed_dataset/real\6664_0.jpg,1
C:/Users/Sourabh Dhiman/OneDrive/Desktop/DeepFake_DetectionAPP/mixed_dataset/real\6664_0.resaved.jpg,1
C:/Users/Sourabh Dhiman/OneDrive/Desktop/DeepFake_DetectionAPP/mixed_dataset/real\6665_0.jpg,1
C:/Users/Sourabh Dhiman/OneDrive/Desktop/DeepFake_DetectionAPP/mixed_dataset/real\6665_0.resaved.jpg,1
C:/Users/Sourabh Dhiman/OneDrive/Desktop/DeepFake_DetectionAPP/mixed_dataset/real\6666_0.jpg,1
C:/Users/Sourabh Dhiman/OneDrive/Desktop/DeepFake_DetectionAPP/mixed_dataset/real\6666_0.resaved.jpg,1
C:/Users/Sourabh Dhiman/OneDrive/Desktop/DeepFake_DetectionAPP/mixed_dataset/real\6667_0.jpg,1
C:/Users/Sourabh Dhiman/OneDrive/Desktop/DeepFake_DetectionAPP/mixed_dataset/real\6667_0.resaved.jpg,1
C:/Users/Sourabh Dhiman/OneDrive/Desktop/DeepFake_DetectionAPP/mixed_dataset/real\6668_0.jpg,1
C:/Users/Sourabh Dhiman/OneDrive/Desktop/DeepFake_DetectionAPP/mixed_dataset/real\6668_0.resaved.jpg,1
C:/Users/Sourabh Dhiman/OneDrive/Desktop/DeepFake_DetectionAPP/mixed_dataset/real\6669_0.jpg,1
C:/Users/Sourabh Dhiman/OneDrive/Desktop/DeepFake_DetectionAPP/mixed_dataset/real\6669_0.resaved.jpg,1
C:/Users/Sourabh Dhiman/OneDrive/Desktop/DeepFake_DetectionAPP/mixed_dataset/real\6669_1.jpg,1
C:/Users/Sourabh Dhiman/OneDrive/Desktop/DeepFake_DetectionAPP/mixed_dataset/real\6669_1.resaved.jpg,1
C:/Users/Sourabh Dhiman/OneDrive/Desktop/DeepFake_DetectionAPP/mixed_dataset/real\6670_0.jpg,1
C:/Users/Sourabh Dhiman/OneDrive/Desktop/DeepFake_DetectionAPP/mixed_dataset/real\6670_0.resaved.jpg,1
C:/Users/Sourabh Dhiman/OneDrive/Desktop/DeepFake_DetectionAPP/mixed_dataset/real\6670_1.jpg,1
C:/Users/Sourabh Dhiman/OneDrive/Desktop/DeepFake_DetectionAPP/mixed_dataset/real\6670_1.resaved.jpg,1
C:/Users/Sourabh Dhiman/OneDrive/Desktop/DeepFake_DetectionAPP/mixed_dataset/real\6671_0.jpg,1
C:/Users/Sourabh Dhiman/OneDrive/Desktop/DeepFake_DetectionAPP/mixed_dataset/real\6671_0.resaved.jpg,1
C:/Users/Sourabh Dhiman/OneDrive/Desktop/DeepFake_DetectionAPP/mixed_dataset/real\6671_1.jpg,1
C:/Users/Sourabh Dhiman/OneDrive/Desktop/DeepFake_DetectionAPP/mixed_dataset/real\6671_1.resaved.jpg,1
C:/Users/Sourabh Dhiman/OneDrive/Desktop/DeepFake_DetectionAPP/mixed_dataset/real\6672_0.jpg,1
C:/Users/Sourabh Dhiman/OneDrive/Desktop/DeepFake_DetectionAPP/mixed_dataset/real\6672_0.resaved.jpg,1
C:/Users/Sourabh Dhiman/OneDrive/Desktop/DeepFake_DetectionAPP/mixed_dataset/real\6672_1.jpg,1
C:/Users/Sourabh Dhiman/OneDrive/Desktop/DeepFake_DetectionAPP/mixed_dataset/real\6672_1.resaved.jpg,1
C:/Users/Sourabh Dhiman/OneDrive/Desktop/DeepFake_DetectionAPP/mixed_dataset/real\6673_0.jpg,1
C:/Users/Sourabh Dhiman/OneDrive/Desktop/DeepFake_DetectionAPP/mixed_dataset/real\6673_0.resaved.jpg,1
C:/Users/Sourabh Dhiman/OneDrive/Desktop/DeepFake_DetectionAPP/mixed_dataset/real\6673_1.jpg,1
C:/Users/Sourabh Dhiman/OneDrive/Desktop/DeepFake_DetectionAPP/mixed_dataset/real\6673_1.resaved.jpg,1
C:/Users/Sourabh Dhiman/OneDrive/Desktop/DeepFake_DetectionAPP/mixed_dataset/real\6674_0.jpg,1
C:/Users/Sourabh Dhiman/OneDrive/Desktop/DeepFake_DetectionAPP/mixed_dataset/real\6674_0.resaved.jpg,1
C:/Users/Sourabh Dhiman/OneDrive/Desktop/DeepFake_DetectionAPP/mixed_dataset/real\6674_1.jpg,1
C:/Users/Sourabh Dhiman/OneDrive/Desktop/DeepFake_DetectionAPP/mixed_dataset/real\6674_1.resaved.jpg,1
C:/Users/Sourabh Dhiman/OneDrive/Desktop/DeepFake_DetectionAPP/mixed_dataset/real\6675_0.jpg,1
C:/Users/Sourabh Dhiman/OneDrive/Desktop/DeepFake_DetectionAPP/mixed_dataset/real\6675_0.resaved.jpg,1
C:/Users/Sourabh Dhiman/OneDrive/Desktop/DeepFake_DetectionAPP/mixed_dataset/real\6675_1.jpg,1
C:/Users/Sourabh Dhiman/OneDrive/Desktop/DeepFake_DetectionAPP/mixed_dataset/real\6675_1.resaved.jpg,1
C:/Users/Sourabh Dhiman/OneDrive/Desktop/DeepFake_DetectionAPP/mixed_dataset/real\6676_0.jpg,1
C:/Users/Sourabh Dhiman/OneDrive/Desktop/DeepFake_DetectionAPP/mixed_dataset/real\6676_0.resaved.jpg,1
C:/Users/Sourabh Dhiman/OneDrive/Desktop/DeepFake_DetectionAPP/mixed_dataset/real\6676_1.jpg,1
C:/Users/Sourabh Dhiman/OneDrive/Desktop/DeepFake_DetectionAPP/mixed_dataset/real\6676_1.resaved.jpg,1
C:/Users/Sourabh Dhiman/OneDrive/Desktop/DeepFake_DetectionAPP/mixed_dataset/real\6677_0.jpg,1
C:/Users/Sourabh Dhiman/OneDrive/Desktop/DeepFake_DetectionAPP/mixed_dataset/real\6677_0.resaved.jpg,1
C:/Users/Sourabh Dhiman/OneDrive/Desktop/DeepFake_DetectionAPP/mixed_dataset/real\6677_1.jpg,1
C:/Users/Sourabh Dhiman/OneDrive/Desktop/DeepFake_DetectionAPP/mixed_dataset/real\6677_1.resaved.jpg,1
C:/Users/Sourabh Dhiman/OneDrive/Desktop/DeepFake_DetectionAPP/mixed_dataset/real\6678_0.jpg,1
C:/Users/Sourabh Dhiman/OneDrive/Desktop/DeepFake_DetectionAPP/mixed_dataset/real\6678_0.resaved.jpg,1
C:/Users/Sourabh Dhiman/OneDrive/Desktop/DeepFake_DetectionAPP/mixed_dataset/real\6678_1.jpg,1
C:/Users/Sourabh Dhiman/OneDrive/Desktop/DeepFake_DetectionAPP/mixed_dataset/real\6678_1.resaved.jpg,1
C:/Users/Sourabh Dhiman/OneDrive/Desktop/DeepFake_DetectionAPP/mixed_dataset/real\6680_0.jpg,1
C:/Users/Sourabh Dhiman/OneDrive/Desktop/DeepFake_DetectionAPP/mixed_dataset/real\6680_0.resaved.jpg,1
C:/Users/Sourabh Dhiman/OneDrive/Desktop/DeepFake_DetectionAPP/mixed_dataset/real\6683_0.jpg,1
C:/Users/Sourabh Dhiman/OneDrive/Desktop/DeepFake_DetectionAPP/mixed_dataset/real\6683_0.resaved.jpg,1
C:/Users/Sourabh Dhiman/OneDrive/Desktop/DeepFake_DetectionAPP/mixed_dataset/real\6684_0.jpg,1
C:/Users/Sourabh Dhiman/OneDrive/Desktop/DeepFake_DetectionAPP/mixed_dataset/real\6684_0.resaved.jpg,1
C:/Users/Sourabh Dhiman/OneDrive/Desktop/DeepFake_DetectionAPP/mixed_dataset/real\6686_0.jpg,1
C:/Users/Sourabh Dhiman/OneDrive/Desktop/DeepFake_DetectionAPP/mixed_dataset/real\6686_0.resaved.jpg,1
C:/Users/Sourabh Dhiman/OneDrive/Desktop/DeepFake_DetectionAPP/mixed_dataset/real\6687_0.jpg,1
C:/Users/Sourabh Dhiman/OneDrive/Desktop/DeepFake_DetectionAPP/mixed_dataset/real\6687_0.resaved.jpg,1
C:/Users/Sourabh Dhiman/OneDrive/Desktop/DeepFake_DetectionAPP/mixed_dataset/real\6688_0.jpg,1
C:/Users/Sourabh Dhiman/OneDrive/Desktop/DeepFake_DetectionAPP/mixed_dataset/real\6688_0.resaved.jpg,1
C:/Users/Sourabh Dhiman/OneDrive/Desktop/DeepFake_DetectionAPP/mixed_dataset/real\6689_0.jpg,1
C:/Users/Sourabh Dhiman/OneDrive/Desktop/DeepFake_DetectionAPP/mixed_dataset/real\6689_0.resaved.jpg,1
C:/Users/Sourabh Dhiman/OneDrive/Desktop/DeepFake_DetectionAPP/mixed_dataset/real\6690_0.jpg,1
C:/Users/Sourabh Dhiman/OneDrive/Desktop/DeepFake_DetectionAPP/mixed_dataset/real\6690_0.resaved.jpg,1
C:/Users/Sourabh Dhiman/OneDrive/Desktop/DeepFake_DetectionAPP/mixed_dataset/real\6691_0.jpg,1
C:/Users/Sourabh Dhiman/OneDrive/Desktop/DeepFake_DetectionAPP/mixed_dataset/real\6691_0.resaved.jpg,1
C:/Users/Sourabh Dhiman/OneDrive/Desktop/DeepFake_DetectionAPP/mixed_dataset/real\6692_0.jpg,1
C:/Users/Sourabh Dhiman/OneDrive/Desktop/DeepFake_DetectionAPP/mixed_dataset/real\6692_0.resaved.jpg,1
C:/Users/Sourabh Dhiman/OneDrive/Desktop/DeepFake_DetectionAPP/mixed_dataset/real\6693_0.jpg,1
C:/Users/Sourabh Dhiman/OneDrive/Desktop/DeepFake_DetectionAPP/mixed_dataset/real\6693_0.resaved.jpg,1
C:/Users/Sourabh Dhiman/OneDrive/Desktop/DeepFake_DetectionAPP/mixed_dataset/real\6694_0.jpg,1
C:/Users/Sourabh Dhiman/OneDrive/Desktop/DeepFake_DetectionAPP/mixed_dataset/real\6694_0.resaved.jpg,1
C:/Users/Sourabh Dhiman/OneDrive/Desktop/DeepFake_DetectionAPP/mixed_dataset/real\6695_0.jpg,1
C:/Users/Sourabh Dhiman/OneDrive/Desktop/DeepFake_DetectionAPP/mixed_dataset/real\6695_0.resaved.jpg,1
C:/Users/Sourabh Dhiman/OneDrive/Desktop/DeepFake_DetectionAPP/mixed_dataset/real\6696_0.jpg,1
C:/Users/Sourabh Dhiman/OneDrive/Desktop/DeepFake_DetectionAPP/mixed_dataset/real\6696_0.resaved.jpg,1
C:/Users/Sourabh Dhiman/OneDrive/Desktop/DeepFake_DetectionAPP/mixed_dataset/real\6697_0.jpg,1
C:/Users/Sourabh Dhiman/OneDrive/Desktop/DeepFake_DetectionAPP/mixed_dataset/real\6697_0.resaved.jpg,1
C:/Users/Sourabh Dhiman/OneDrive/Desktop/DeepFake_DetectionAPP/mixed_dataset/real\6698_0.jpg,1
C:/Users/Sourabh Dhiman/OneDrive/Desktop/DeepFake_DetectionAPP/mixed_dataset/real\6698_0.resaved.jpg,1
C:/Users/Sourabh Dhiman/OneDrive/Desktop/DeepFake_DetectionAPP/mixed_dataset/real\6699_0.jpg,1
C:/Users/Sourabh Dhiman/OneDrive/Desktop/DeepFake_DetectionAPP/mixed_dataset/real\6699_0.resaved.jpg,1
C:/Users/Sourabh Dhiman/OneDrive/Desktop/DeepFake_DetectionAPP/mixed_dataset/real\6700_0.jpg,1
C:/Users/Sourabh Dhiman/OneDrive/Desktop/DeepFake_DetectionAPP/mixed_dataset/real\6700_0.resaved.jpg,1
C:/Users/Sourabh Dhiman/OneDrive/Desktop/DeepFake_DetectionAPP/mixed_dataset/real\6701_0.jpg,1
C:/Users/Sourabh Dhiman/OneDrive/Desktop/DeepFake_DetectionAPP/mixed_dataset/real\6701_0.resaved.jpg,1
C:/Users/Sourabh Dhiman/OneDrive/Desktop/DeepFake_DetectionAPP/mixed_dataset/real\6702_0.jpg,1
C:/Users/Sourabh Dhiman/OneDrive/Desktop/DeepFake_DetectionAPP/mixed_dataset/real\6702_0.resaved.jpg,1
C:/Users/Sourabh Dhiman/OneDrive/Desktop/DeepFake_DetectionAPP/mixed_dataset/real\6703_0.jpg,1
C:/Users/Sourabh Dhiman/OneDrive/Desktop/DeepFake_DetectionAPP/mixed_dataset/real\6703_0.resaved.jpg,1
C:/Users/Sourabh Dhiman/OneDrive/Desktop/DeepFake_DetectionAPP/mixed_dataset/real\6704_0.jpg,1
C:/Users/Sourabh Dhiman/OneDrive/Desktop/DeepFake_DetectionAPP/mixed_dataset/real\6704_0.resaved.jpg,1
C:/Users/Sourabh Dhiman/OneDrive/Desktop/DeepFake_DetectionAPP/mixed_dataset/real\6705_0.jpg,1
C:/Users/Sourabh Dhiman/OneDrive/Desktop/DeepFake_DetectionAPP/mixed_dataset/real\6705_0.resaved.jpg,1
C:/Users/Sourabh Dhiman/OneDrive/Desktop/DeepFake_DetectionAPP/mixed_dataset/real\6706_0.jpg,1
C:/Users/Sourabh Dhiman/OneDrive/Desktop/DeepFake_DetectionAPP/mixed_dataset/real\6706_0.resaved.jpg,1
C:/Users/Sourabh Dhiman/OneDrive/Desktop/DeepFake_DetectionAPP/mixed_dataset/real\6707_0.jpg,1
C:/Users/Sourabh Dhiman/OneDrive/Desktop/DeepFake_DetectionAPP/mixed_dataset/real\6707_0.resaved.jpg,1
C:/Users/Sourabh Dhiman/OneDrive/Desktop/DeepFake_DetectionAPP/mixed_dataset/real\6708_0.jpg,1
C:/Users/Sourabh Dhiman/OneDrive/Desktop/DeepFake_DetectionAPP/mixed_dataset/real\6708_0.resaved.jpg,1
C:/Users/Sourabh Dhiman/OneDrive/Desktop/DeepFake_DetectionAPP/mixed_dataset/real\6709_0.jpg,1
C:/Users/Sourabh Dhiman/OneDrive/Desktop/DeepFake_DetectionAPP/mixed_dataset/real\6709_0.resaved.jpg,1
C:/Users/Sourabh Dhiman/OneDrive/Desktop/DeepFake_DetectionAPP/mixed_dataset/real\6710_1.jpg,1
C:/Users/Sourabh Dhiman/OneDrive/Desktop/DeepFake_DetectionAPP/mixed_dataset/real\6710_1.resaved.jpg,1
C:/Users/Sourabh Dhiman/OneDrive/Desktop/DeepFake_DetectionAPP/mixed_dataset/real\6711_0.jpg,1
C:/Users/Sourabh Dhiman/OneDrive/Desktop/DeepFake_DetectionAPP/mixed_dataset/real\6711_0.resaved.jpg,1